OTU,phylum,ERZ1764620,ERZ1764613,ERZ1764614,ERZ1764618,ERZ1764622,ERZ1764624,ERR2586215,ERR2586216,ERR2586217,ERR2586218,ERR2586219,ERR2586220,ERR2729815,ERR2729816,ERR2729817,ERR2729818,ERR2729819,ERR2729820,ERR2729821,ERR2729822,ERR2729823,ERR2729824,ERR2729825,ERR2729826,ERR2729827,ERR2729828,ERR2729829,ERR2729830,ERR2729831,ERR2729832,ERR2729833,ERR2729834,ERR2729835,ERR2729836,ERR2729837,ERR2729838,ERR2729839,ERR2729840,ERR2729841,ERR2729842,ERR2729843,ERR2729844,ERR2729845,ERR2729846,ERR2729847,ERR2729848,ERR2729849,ERR2729850,ERR2729851,ERR2729852,ERR2729853,ERR2729854,ERR2729855,ERR2729856,ERR2729857,ERR2729858,ERR2729859,ERR2729860,ERR2729861,ERR2729862,ERR2729863,ERR2729864,ERR2729865,ERR2729866,ERR2729867,ERR2729868,ERR2729869,ERR2729870,ERR2729871,ERR2729872,ERR2729873,ERR2729874,ERR2729875,ERR2729876,ERR2729877,ERR2729878,ERR2729879,ERR2729880,ERR2729881,ERR2729882,ERR2729883,ERR2729884,ERR2729885,ERR2729886,ERR2729887,ERR2729888,ERR2729889,ERR2729890,ERR2729891,ERR2729892,ERR2729893,ERR2729894,ERR2729895,ERR2729896,ERR2729897,ERR2729898,ERR2729899,ERR2729900,ERR2729901,ERR2729902,ERR2729903,ERR2729904,ERR2729905,ERR2729906,ERR2729907,ERR2729908,ERR2729909,ERR2729910,ERR2729911,ERR2729912,ERR2729913,ERR2729914,ERR2729915,ERR2729916,ERR2729917,ERR2729918,ERR2729919,ERR2729920,ERR2729921,ERR2729922,ERR2729923,ERR2729924,ERR2729925,ERR2729926,ERR2729927,ERR2729928,ERR2729929,ERR2729930,ERR2729931,ERR2729932,ERR2729933,ERR2729934,ERR2729935,ERR2729936,ERR2729937,ERR2729938,ERR2729939,ERR2729940,ERR2729941,ERR2729942,ERR2729943,ERR2729944,ERR2729945,ERR2729946,ERR2729947,ERR2729948,ERR2729949,ERR2729950,ERR2729951,ERR2729952,ERR2729953,ERR2729954,ERR2729955,ERR2729956,ERR2729957,ERR2729958,ERR2729959,ERR2729960,ERR2729961,ERR2729962,ERR2729963,ERR2729964,ERR2729965,ERR2729966,ERR2729967,ERR2729968,ERR2729969,ERR2729970,ERR2729971,ERR2729972,ERR2088984,ERR2088985,ERR2088986,ERR2088987,ERR2088988,ERR2088989,ERR2088990,ERR2088991,ERR2088992,ERR2088993,ERR2088994,ERR2088995,ERZ764804,ERZ778036,ERZ778037,ERZ778038,ERZ795029,ERZ795030,ERZ795049,ERZ795053,ERZ795056,ERZ795058,ERZ795059,ERZ795060,ERZ795066,ERZ795067,ERZ795076,ERZ795381,ERZ795009,ERZ795010,ERZ781404,ERZ781406,ERZ781405,ERZ782916,ERZ782915,ERZ782927,ERZ782929,ERZ782928,ERZ782923,ERZ782930,ERZ782925,ERZ782926,ERZ782924,ERZ794912,ERZ794919,ERZ794932,ERZ794914,ERZ794915,ERZ794916,ERZ794917,ERZ794918,ERZ794920,ERZ794921,ERZ794930,ERZ794931,ERR770579,ERR770580,ERR770581,ERR770582,ERR770583,ERR770584,ERR1076078,ERR1356697,ERR1356701,ERR1356704,ERR1356734,ERR1356738,ERR1356743,ERR1356695,ERR1356699,ERR1356736,ERR1356745,ERR1356748,ERR1356751,ERR1356693,ERR1356710,ERR1356712,ERR1356717,ERR1356753,ERR1356714,ERR1356719,ERR1356720,ERR1356723,ERR1356725,ERR1356728,ERR1356727,ERR1356731,ERR1356733,ERR1356761,ERR1356762,ERR1356703,ERR1356707,ERR1356740,ERR1356754,ERR1356756,ERR1356759,ERR1356708,ERR1356746,ERR1414267,ERR1414271,ERR1414265,ERR1414209,ERR1414210,ERR1414211,ERR1414212,ERR1414213,ERR1414214,ERR1414215,ERR1414216,ERR1414217,ERR1414218,ERR1414219,ERR1414220,ERR1414221,ERR1414222,ERR1414223,ERR1414224,ERR1414225,ERR1414226,ERR1414227,ERR1414228,ERR1414229,ERR1414230,ERR1414231,ERR1414232,ERR1414233,ERR1414234,ERR1414235,ERR1414236,ERR1414237,ERR1414238,ERR1414239,ERR1414240,ERR1414241,ERR1414242,ERR1414243,ERR1414244,ERR1414245,ERR1414246,ERR1414247,ERR1414248,ERR1414249,ERR1414250,ERR1414251,ERR1414252,ERR1414253,ERR1414254,ERR1414255,ERR1414256,ERR1414257,ERR1414258,ERR1414259,ERR1414260,ERR1414261,ERR1414262,ERR1414263,ERR1414264,ERR1414266,ERR1414268,ERR1414269,ERR1414270,ERR1414272,ERR1414273,ERR1414274,ERR1414275,ERR1414276,ERR1414277,ERR1414278
OTU1,Thaumarchaeota,1,0,0,0,0,0,32,43,36,0,0,0,0,0,0,0,0,0,0,0,0,0,0,0,0,0,0,0,0,0,0,0,0,0,0,0,0,0,0,0,0,0,0,0,0,0,0,0,0,0,0,0,0,0,0,0,0,0,0,0,0,0,0,0,0,0,0,0,0,0,0,0,0,0,0,0,0,0,0,0,0,0,0,0,0,0,0,0,0,0,0,0,0,0,0,0,0,0,0,0,0,0,0,0,0,0,0,0,0,0,0,0,0,0,0,0,0,0,0,0,0,0,0,0,2,0,2,0,2,0,0,0,0,0,0,0,0,0,0,0,2,0,0,0,0,0,0,0,1,0,0,0,0,0,0,0,0,0,0,0,0,0,0,0,0,0,0,0,0,0,0,0,0,0,0,0,0,0,0,0,0,0,0,0,0,0,0,0,0,0,0,0,0,0,0,0,0,0,0,0,0,0,0,0,0,0,0,0,0,0,0,0,0,0,0,0,0,0,0,0,0,0,0,0,0,0,0,0,0,0,0,0,0,0,0,0,0,0,0,0,0,0,0,0,0,0,0,0,0,0,0,0,0,0,0,0,0,0,0,0,0,0,0,0,0,0,0,0,0,0,0,0,0,0,0,0,0,0,0,0,0,0,0,0,0,0,0,0,0,0,0,0,0,0,0,0,0,0,0,0,0,0,0,0,0,0,0,0,0,0,0,0,0,0,0,0,0,0,0,0,0,0,0,0,0,0,0,0,0,0,0,0,0,0,0,0,0,0
OTU2,Acidobacteria,16,2,2,0,18,13,519,645,689,244,202,163,136,140,157,129,133,116,159,107,197,121,167,149,175,260,229,276,130,255,735,564,579,462,420,429,1039,670,1798,728,1170,618,1263,937,2051,770,1755,808,245,133,252,157,281,171,109,161,89,142,99,189,100,60,116,85,96,101,1008,168,765,66,788,168,1851,419,1718,386,2178,494,4086,760,3002,705,2947,826,1,9,4,12,63,130,58,110,70,105,129,485,208,446,134,341,105,688,186,776,137,639,587,1101,644,965,753,799,1198,1275,1478,1119,1365,1328,2210,1227,3101,2871,2278,1630,70,88,57,67,66,73,144,399,130,344,140,438,169,294,160,228,206,300,1767,443,1433,430,1494,531,4799,737,4273,640,3957,622,7219,1009,5418,1696,5874,1802,0,3,9,9,17,1,1,1,0,0,0,0,0,0,0,0,0,0,0,0,0,0,3,0,7,7,0,5,5,1,3,3,5,5,2,0,5,4,3,2,1,2,2,0,0,0,0,0,0,0,0,0,0,1,0,1,5,3,2,3,6,3,0,1,4,17,18,63,5020,4813,4359,59,519,60,103,55,125,245,478,1159,191,50,157,152,1558,8,150,92,43,83,71,138,102,275,335,144,141,2079,51,64,144,87,120,93,111,806,142,154,358,61,160,422,384,415,711,884,752,982,260,249,261,152,283,258,263,149,127,133,1252,1147,1291,1464,1266,2525,2179,194,190,316,260,9,31,67,57,53,54,35,87,40,43,6,23,43,66,30,42,36,20,114,26,57,24,569,588,62,71,442,430,148,276,135,37,48,68,3058,121,87,95,112
OTU3,Actinobacteria,45,2,9,4,21,24,2040,2184,2305,325,298,293,2007,388,1828,284,1800,311,1587,788,2382,894,1906,947,3401,651,5775,739,4840,613,5943,2367,5976,2090,5931,2212,4016,944,7360,940,5925,1003,4046,2368,6274,2018,5753,2195,36007,209,34889,224,36632,250,13401,680,12365,701,12628,819,8248,216,10355,318,8187,372,44094,1267,34469,666,35169,1389,35936,620,27331,644,33940,778,29707,1264,22831,1047,21536,1412,0,174,88,279,168,78,152,65,169,53,204,74,268,73,186,77,205,230,306,231,273,240,477,233,535,204,491,175,373,212,439,201,490,194,649,183,707,388,585,190,12596,77,10005,58,11417,78,5685,58,5040,45,5294,53,3975,102,3288,81,3823,99,13979,251,11528,285,12288,288,12815,337,10891,291,10590,289,9703,198,7265,314,7925,350,0,145,192,704,8,0,18,10,2,0,0,0,0,0,0,0,0,0,0,0,0,0,2,8,13,7,7,1,1,14,1,1,3,3,7,19,19,9,0,0,3,2,2,2,2,1,1,2,0,1,1,2,2,8,7,2,10,5,1,3,6,10,8,3,1,127,131,381,40083,34357,32222,291,2915,1304,446,882,347,1125,3061,5044,408,571,395,524,8851,97,296,866,357,386,382,309,881,713,995,849,1124,3297,973,405,1109,625,751,443,541,2684,595,1159,2498,1456,902,2675,1883,1768,2976,3429,3262,2905,1030,1049,970,739,1198,1261,1580,428,445,548,1395,2173,2791,2041,1795,3426,2324,450,530,732,684,2098,2728,1463,1316,2499,3558,1628,2274,1631,1807,2653,3594,2523,2187,3599,2178,3390,2937,2316,1836,178,286,1212,1275,396,425,1097,990,1237,1301,420,905,1126,1562,2302,2402,1063,1788,2476
OTU4,Armatimonadetes,1,0,0,0,1,0,442,494,564,15,11,13,2,5,1,4,6,5,12,6,18,7,12,8,12,8,9,14,4,15,48,13,17,16,29,17,75,41,70,41,55,33,95,14,137,13,105,16,11,1,11,5,6,1,9,2,11,3,6,6,12,1,12,4,12,6,67,4,43,7,52,4,169,12,119,22,179,10,272,11,179,9,181,25,0,0,0,0,1,3,1,0,1,2,2,3,1,7,4,2,7,12,6,9,4,16,13,8,16,10,13,9,39,30,36,16,29,17,51,5,80,15,65,11,4,1,7,2,11,2,5,2,8,2,9,3,9,4,8,0,9,5,37,2,30,2,17,4,96,11,70,9,76,12,144,4,106,8,97,10,0,0,1,1,2,0,0,0,0,0,0,0,0,0,0,0,0,0,0,0,0,0,1,2,1,1,2,0,0,0,0,1,0,4,0,1,0,3,1,1,0,0,0,0,0,0,0,0,0,0,0,0,0,0,0,0,3,0,0,0,0,0,0,3,0,0,0,0,989,983,895,11,50,3,11,9,12,12,36,126,28,9,7,26,172,73,41,26,6,42,8,5,3,59,14,3,7,40,13,6,5,7,20,5,34,34,5,10,33,25,22,47,47,55,83,114,93,90,155,139,147,81,181,115,146,52,52,44,71,47,63,64,65,101,102,197,213,244,271,4,12,22,12,17,11,12,13,10,24,13,13,12,31,26,8,10,10,11,14,0,19,69,92,6,9,37,37,18,108,43,28,20,51,86,20,16,20,13
OTU5,Bacteroidetes,50,0,5,12,10,9,674,726,851,4855,5740,5213,27719,17875,26591,14847,25257,13498,20682,7870,25825,8180,22157,8432,17631,16527,24437,19704,19522,14554,26063,13300,21936,11574,21898,10227,14746,14897,25558,14214,21405,13439,14136,13592,21841,11312,20817,12584,4943,19051,4862,20405,5293,20042,3768,11454,3411,11727,3542,15106,5458,22275,6798,30208,5513,33964,18207,17379,13389,6597,14822,16694,22898,25099,22453,22454,28026,26366,37837,21191,28409,18523,26414,21162,9,153,66,174,10321,10862,8491,8597,9577,7331,11528,7413,17111,6950,11449,5546,9761,20458,14910,21769,11612,21081,10774,13060,12718,11878,12007,9001,11476,12306,13497,10367,11881,11734,12738,8650,15711,18826,11493,10312,3222,8377,2538,7257,2808,8505,1959,7605,1794,5957,1758,7484,3257,32058,2870,25598,3022,33783,6709,17305,5141,18268,5639,19332,12944,17873,10935,15494,10195,15001,16035,9411,12524,14951,12317,16655,32,36,20,285,35,2,2,6,2,2,0,0,0,0,0,0,0,0,0,0,0,0,24,15,22,27,19,25,29,39,54,21,27,20,18,7,10,5,12,3,4,5,3,5,4,5,6,2,2,8,8,4,8,3,10,7,15,5,17,7,6,23,20,14,8,87,93,262,21047,19935,18597,298,3193,567,1262,1541,1232,1233,3124,6966,1234,1972,1031,911,11720,1835,1257,626,493,1025,513,1096,1082,1112,2874,1885,896,1128,1900,1514,809,417,1389,1345,1349,4369,1445,3046,5988,14306,1223,7263,7635,8946,5596,6256,5625,7917,4794,4219,4648,3658,5277,11950,11958,13044,10663,10777,7287,6765,7111,8240,4193,7315,6733,4035,4052,5613,4876,2871,4692,5618,5592,5227,5856,5671,6828,6137,6662,2776,1980,4836,5527,5235,3506,4511,5050,5789,4892,564,1152,1258,1311,894,1186,1192,1315,1261,13611,10221,11247,10111,19083,7852,13577,12861,15084,13716
OTU6,Balneolaeota,0,0,0,0,2,2,0,0,0,0,0,0,0,0,0,0,0,0,1,0,0,0,0,0,0,0,1,0,0,0,0,0,0,0,2,0,0,0,0,0,0,0,0,0,0,0,0,0,0,0,0,0,0,0,0,0,0,0,0,0,0,1,0,0,0,1,0,0,0,0,0,0,0,0,0,0,0,0,0,0,0,0,0,0,0,0,0,0,0,0,0,0,0,0,0,0,0,0,0,0,0,0,0,0,0,0,0,0,0,1,0,0,0,0,0,0,0,0,0,0,0,0,0,0,0,0,0,0,0,0,0,0,0,0,0,0,0,0,0,0,0,1,0,0,0,0,0,0,0,0,0,0,0,1,0,0,0,1,0,0,0,0,0,0,0,0,0,0,0,0,0,0,0,0,0,0,0,0,0,0,0,0,0,0,0,0,0,0,0,0,0,0,0,0,0,0,0,0,0,0,0,0,0,0,0,0,0,0,0,0,0,0,0,0,0,0,0,0,0,0,0,0,0,0,0,0,0,0,0,0,0,0,0,0,0,0,0,0,0,0,0,0,0,0,0,0,0,0,0,0,0,0,0,0,0,0,0,0,0,0,0,0,0,0,0,0,0,0,0,0,0,0,0,0,0,0,0,0,0,0,0,0,0,0,0,0,0,0,0,0,0,0,0,0,0,0,0,0,0,0,0,0,0,0,0,0,0,0,0,0,0,0,0,0,0,0,0,0,0,0,0,0,0,0,0,0,0,0,0,0,0,0,0,0,0,0,0,0
OTU7,Caldiserica,2,0,0,0,0,0,0,0,0,0,0,2,0,0,0,0,0,0,0,0,0,0,0,0,0,0,0,0,0,0,0,0,0,0,0,0,0,0,0,0,0,1,0,0,0,0,0,0,0,0,0,0,0,0,0,0,0,0,0,0,0,0,0,0,1,0,0,0,0,0,0,0,0,0,0,0,0,0,0,0,0,0,0,0,0,0,0,0,0,0,0,0,0,0,0,0,0,0,0,0,0,0,0,0,0,0,0,0,0,0,0,0,0,0,0,0,0,0,0,0,0,0,0,0,0,0,0,0,0,0,0,0,0,0,1,0,0,0,0,0,0,0,0,0,0,1,0,0,0,0,0,0,0,0,0,0,0,0,0,0,0,0,0,0,0,0,0,0,0,0,0,0,0,0,0,0,0,0,0,0,0,0,1,0,7,0,0,1,3,2,0,2,1,3,0,0,0,0,0,0,0,0,0,0,0,0,0,0,0,0,0,0,0,0,0,0,0,0,0,0,0,0,0,0,0,0,0,0,6,4,3,0,8,0,0,0,0,0,2,192,0,0,0,0,192,0,0,0,0,0,0,3,1,0,2,0,0,0,0,0,0,0,6,2,75,3,1,4,4,5,0,6,0,5,4,0,2,1,116,89,88,81,149,30,59,62,45,28,2,0,0,0,1,2,0,76,93,114,116,0,0,0,0,0,0,1,0,0,4,0,0,1,0,3,0,0,0,0,0,0,0,0,0,0,0,0,0,0,40,36,4,1,3,0,1,1,1,3
OTU8,Chlorobi,1,0,0,0,0,0,0,0,0,0,1,0,38,137,42,113,34,105,6,24,8,28,10,24,15,37,8,32,7,32,14,61,6,56,7,36,2,63,5,60,9,50,2,89,8,71,4,84,15,108,12,100,9,82,3,22,1,23,4,32,2,23,0,36,2,41,11,62,2,18,5,39,16,558,22,500,26,536,3,76,4,53,11,66,0,0,0,0,1,1,2,1,1,0,0,0,1,0,0,0,0,0,0,1,0,1,0,0,0,0,1,1,0,3,0,1,0,4,0,3,0,3,0,4,9,8,2,8,9,10,4,4,1,5,1,5,1,20,1,20,1,31,4,15,1,9,4,9,6,358,10,297,5,302,6,13,5,33,2,31,0,0,0,0,0,0,0,0,0,0,0,0,0,0,0,0,0,0,0,0,0,0,0,0,0,0,0,0,0,0,0,0,0,0,0,0,0,0,0,0,0,0,0,0,0,0,0,0,0,0,0,0,0,0,0,0,0,0,0,0,0,0,0,0,0,8,11,37,2989,2886,2651,21,103,13,25,40,11,178,46,187,24,8,33,29,276,1287,56,11,10,145,5,15,107,116,112,14,35,47,6,39,10,14,33,14,19,98,55,20,152,26,50,157,152,111,267,254,265,312,145,145,145,89,183,119,134,128,139,97,159,203,214,258,144,316,270,323,246,500,359,9,3,14,27,17,34,14,12,57,71,1,8,26,23,15,16,14,17,48,78,0,1,58,86,20,48,44,45,64,137,90,16,28,28,273,46,26,37,40
OTU9,Chloroflexi,23,4,7,9,18,13,1109,1068,1205,672,746,658,35,15,35,18,38,19,106,20,156,11,124,9,456,352,728,444,505,328,1090,325,899,228,857,292,1022,872,1821,841,1470,724,1321,833,2080,617,1718,716,190,28,204,41,213,22,297,17,258,27,251,25,841,392,954,504,764,623,6441,788,5199,414,5449,724,11254,2858,9892,2459,12381,2913,13714,1477,10314,1364,9662,1572,0,2,6,4,18,9,16,8,21,10,89,25,152,27,104,22,456,438,692,499,488,504,1026,404,1247,365,1153,290,1215,848,1550,814,1521,902,1543,582,2135,1327,1626,702,152,13,184,15,163,19,528,27,471,15,465,19,2024,508,1787,424,1898,525,11468,812,9132,935,9825,1018,26103,2555,22622,2302,19825,2267,24836,1251,18654,2167,18488,2401,0,11,6,24,6,0,3,0,0,0,0,0,0,0,0,0,1,0,0,0,0,0,10,2,22,8,2,12,12,14,8,9,5,3,19,2,19,1,13,4,2,3,2,0,0,0,0,0,0,0,0,0,0,8,9,5,14,20,5,5,13,3,1,10,9,79,84,258,38090,36044,32846,871,839,148,201,62,207,322,597,5156,278,69,205,389,6259,366,130,258,80,118,40,136,395,950,194,63,91,319,44,292,134,221,166,300,1500,2220,184,474,413,93,234,489,416,455,970,1204,948,1273,4278,3542,4048,2542,4989,2505,3664,3920,3078,2440,789,834,876,1024,633,1166,1246,3870,3893,6236,5093,19,50,62,61,63,118,21,66,40,26,27,30,46,109,103,93,74,52,14,54,19,57,588,526,66,89,458,338,251,2678,2650,64,60,86,1528,63,55,88,72
OTU10,Elusimicrobia,1,0,1,0,2,1,2,3,2,8,2,2,4,2,0,2,0,2,0,0,0,0,0,0,1,0,4,0,4,0,9,7,11,1,5,2,17,11,29,18,26,12,47,24,64,10,40,22,0,10,0,2,0,7,0,0,0,0,0,2,0,1,0,0,0,6,0,3,0,3,1,4,13,21,7,14,6,14,16,23,11,24,23,26,0,0,1,0,0,3,1,0,2,4,0,1,0,0,0,0,1,0,2,2,3,0,2,3,2,5,7,2,12,9,13,6,13,6,40,10,31,20,23,16,0,5,0,2,0,5,0,2,0,1,0,2,0,1,0,0,0,1,0,4,0,5,0,9,5,13,1,8,2,14,7,6,1,14,6,23,0,0,0,0,1,0,0,0,0,0,0,0,0,0,0,0,0,0,0,0,0,0,0,0,0,2,0,0,0,0,0,0,0,2,0,0,0,0,2,0,0,0,0,0,0,0,0,0,0,0,0,0,0,0,0,0,0,0,0,0,0,0,0,0,0,1,2,1,150,162,141,9,2,0,4,1,0,1,5,0,5,1,1,3,5,0,0,0,0,0,0,10,2,24,2,0,2,19,0,1,0,1,3,3,0,0,0,0,39,8,14,44,30,37,47,61,37,78,6,7,7,7,15,3,4,6,1,2,31,33,29,30,17,57,47,3,2,7,3,0,0,0,4,4,0,1,6,2,1,0,0,2,3,0,6,0,0,0,11,22,89,3,2,42,38,0,3,32,5,4,4,5,11,57,6,4,2,11
OTU11,Fibrobacteres,0,0,0,1,0,0,0,0,0,5,8,8,229,99,209,81,189,58,85,117,87,113,90,113,79,40,120,30,94,26,48,66,45,47,57,51,34,106,51,98,49,88,39,106,51,85,52,105,0,79,1,66,0,61,0,57,1,63,0,69,0,9,0,17,0,12,0,36,0,12,0,34,0,27,2,33,1,33,0,39,2,29,0,32,0,0,0,0,60,38,60,34,52,27,24,101,58,100,34,76,41,15,40,28,30,22,15,54,24,54,14,33,9,57,9,53,11,53,14,59,34,101,15,63,0,27,1,12,1,14,0,29,0,23,0,34,0,4,0,11,0,9,0,17,0,18,0,30,1,15,0,19,0,20,0,12,0,21,0,18,1,0,0,0,0,0,0,0,0,0,0,0,0,0,0,0,0,0,0,0,0,0,0,0,0,0,0,2,2,1,2,2,2,0,3,0,0,0,0,0,0,0,0,0,0,0,0,0,0,0,0,0,0,0,0,0,0,0,0,0,0,0,0,0,0,0,0,1,150,177,154,1,41,0,1,0,2,37,9,156,33,69,0,9,340,5,0,3,3,0,1,3,4,33,6,18,6,27,43,14,5,9,0,0,22,50,0,0,8,29,16,2,11,14,9,14,7,23,19,24,20,48,29,10,9,7,33,16,8,2,6,3,0,4,6,15,12,25,15,2,4,40,52,31,39,20,37,25,37,0,6,25,30,36,18,14,5,15,6,0,1,0,2,6,4,0,3,12,18,26,20,18,66,14,21,24,19,21
OTU12,Firmicutes,25,1,8,8,6,9,22,22,35,145,160,148,2150,992,2058,806,1825,634,920,340,1102,387,896,421,1143,526,1521,631,1096,490,1624,561,1448,508,1119,476,671,829,1120,833,854,786,599,580,757,488,707,499,72915,3077,69950,3396,74235,3312,15880,947,14951,995,15141,1241,8618,750,10877,972,8676,1131,16255,2013,12649,799,13097,1927,13710,3015,13232,2635,16718,3246,12598,2268,9468,1937,8662,2220,2,70344,31467,90909,1218,1164,1061,902,1283,841,756,742,1206,745,873,525,905,1162,1371,1210,1022,1113,916,1238,1109,1125,1238,829,736,1397,968,1213,904,1391,771,728,932,1623,870,936,31457,1768,22566,1566,28318,1650,7814,711,6667,532,7484,701,4582,957,3887,707,4524,871,4716,2013,4291,2122,4465,2258,5968,2408,4895,2268,5094,2153,4061,1122,2860,1807,3214,1922,0,75303,105023,1007319,2,0,44555,32793,0,1,0,0,0,0,0,0,0,0,0,0,0,0,23,47,11,34,49,19,15,27,10,21,15,41,63,13,11,30,0,0,0,0,0,0,0,2,1,1,2,3,1,1,0,1,1,0,3,4,0,2,1,4,8,0,0,64,69,249,21723,20038,17981,63,57410,3336,234,537,359,81737,11987,181727,233,35297,457,13423,279879,276,22,1730,1457,92,612,285,6722,75049,1098,40696,7030,47395,37212,633,1909,1265,430,325,405,113289,343,938,10001,18104,600,11437,10705,12717,786,845,726,1085,6086,5865,5527,4916,6065,3604,4678,3742,3235,5662,2006,1750,1740,2230,1053,2178,2012,2552,2627,3918,3427,17804,21973,10793,11443,16605,21764,13877,15713,13037,14320,23694,25414,16067,15077,25949,15417,21820,21097,17597,15822,352,525,800,944,434,464,631,647,751,4295,3087,12755,14897,24769,2722,32371,21680,28344,32507
OTU13,Fusobacteria,1,0,0,0,0,0,0,1,0,7,13,0,1123,529,1064,437,969,371,341,90,321,117,352,112,393,172,514,231,436,123,499,245,415,220,412,218,168,334,252,354,200,314,135,345,140,357,152,325,5514,2015,5329,2246,5913,2267,1352,459,1245,477,1433,553,913,352,1148,490,904,490,1678,878,1319,742,1381,790,1520,1146,727,1063,838,1158,732,1161,578,1022,557,1230,0,0,0,1,374,292,270,225,352,219,158,123,252,114,129,96,154,145,182,145,166,146,151,179,192,170,163,131,99,202,90,155,89,216,96,184,104,441,81,193,2977,707,2252,668,2645,802,786,224,653,197,809,248,493,323,387,269,501,334,571,665,473,702,459,715,372,729,343,561,320,584,338,412,279,716,288,810,0,2,4,4,2,0,0,0,0,0,0,0,0,0,0,0,0,0,0,0,0,0,1,0,0,1,0,0,0,0,0,0,0,0,0,0,1,2,0,0,0,0,0,0,0,0,0,0,0,0,0,0,0,0,0,0,0,0,0,0,0,1,2,0,0,1,1,4,234,176,173,0,53,34,11,28,7,34,40,134,7,103,32,18,298,0,0,13,6,0,7,13,15,8,5,17,22,12,22,50,17,10,8,9,2,96,12,44,508,1510,30,597,611,608,15,16,11,23,10,11,16,16,22,4,0,2,5,226,38,38,38,55,10,29,30,1,3,1,1,207,265,495,504,642,886,580,595,543,680,212,289,567,762,828,518,847,794,748,622,11,0,9,9,21,23,7,16,32,4,4,1077,1233,2111,29,2073,1702,2003,2009
OTU14,Gemmatimonadetes,4,0,0,0,2,3,26,29,35,90,83,95,60,120,55,108,47,104,195,190,208,213,148,193,107,187,140,241,120,186,279,228,287,205,223,185,204,117,378,99,299,104,298,197,450,165,367,202,20,102,17,85,15,115,60,163,65,202,52,204,23,72,31,85,30,93,12,79,12,25,10,74,59,29,53,31,77,38,121,75,87,73,95,67,1,0,2,0,8,48,6,47,7,30,40,151,49,133,33,109,19,175,34,132,16,159,51,130,56,129,75,101,60,77,95,60,82,71,120,68,171,159,120,99,3,20,1,23,1,25,2,100,1,106,6,103,8,72,5,57,2,79,2,61,6,44,3,65,24,30,20,24,17,16,39,46,30,68,32,62,1,6,3,5,1,1,0,0,0,0,0,0,0,0,0,0,0,0,0,0,0,0,0,0,0,0,0,0,0,1,0,0,0,0,0,0,0,0,0,1,0,2,1,0,0,0,0,0,0,0,0,0,0,0,0,1,0,1,1,1,1,0,0,1,0,1,2,16,809,829,687,16,121,16,84,23,41,54,124,221,39,8,33,30,313,17,6,14,14,115,17,79,15,52,183,32,18,194,6,39,10,9,101,20,33,183,61,61,96,28,39,98,77,80,228,225,243,255,32,39,37,35,36,77,109,50,35,42,175,150,220,186,101,154,113,26,19,23,22,11,19,9,12,14,17,9,13,13,13,25,24,4,17,31,18,18,20,9,11,17,0,3,11,11,21,57,52,24,77,42,15,22,27,135,48,34,39,53
OTU15,Ignavibacteriae,6,0,1,0,7,1,63,66,94,2,8,3,55,188,58,122,60,123,574,301,740,283,571,274,335,1899,547,2106,416,1631,876,2034,783,1717,791,1623,1915,4911,3092,4669,2480,4414,1493,2950,2369,2643,2232,2892,31,133,33,122,39,124,11,58,18,41,13,67,22,237,27,340,14,380,25,496,15,211,20,462,56,1554,66,1396,63,1669,116,561,77,449,63,505,2,7,5,4,49,153,37,118,34,127,239,239,342,231,238,191,147,1692,244,1761,200,1709,331,1573,362,1432,325,1065,1104,3717,1355,3026,1171,3413,1209,1565,1446,3694,1012,1966,0,54,2,67,5,58,1,37,3,25,4,33,7,337,9,218,4,329,2,449,3,490,1,516,22,1180,17,1088,34,1014,46,220,31,358,26,414,0,3,7,5,1,0,0,0,0,0,0,0,0,0,0,0,0,0,0,0,0,0,2,0,0,2,0,0,0,0,0,0,2,1,0,0,3,1,1,1,2,4,4,0,0,0,0,0,0,0,0,0,0,3,0,0,2,3,0,1,1,0,0,0,3,0,0,0,0,0,0,0,0,0,0,0,0,0,0,0,0,0,0,0,0,0,0,0,0,0,0,0,0,0,0,0,0,0,0,0,0,0,0,0,0,0,0,0,0,0,0,0,0,0,0,0,0,0,0,0,0,0,0,0,0,0,0,0,0,0,0,0,0,0,0,0,0,0,0,0,0,0,0,0,0,0,0,0,0,0,0,0,0,0,0,0,0,0,0,0,0,0,0,0,0,0,0,0,0,0,0,0,0,0,0,0,0,0
OTU16,Kiritimatiellaeota,0,0,0,0,2,1,4,6,5,18,10,19,10,7,3,10,5,11,87,13,71,13,69,18,112,171,153,274,139,221,175,219,134,155,101,157,336,411,580,340,519,318,649,320,947,280,779,307,1,16,0,14,0,30,0,13,0,8,0,23,0,112,0,200,0,181,4,119,2,71,2,125,6,429,5,372,13,387,16,280,7,250,22,300,0,0,0,0,3,9,6,7,5,3,9,6,12,3,7,3,11,53,12,32,9,27,8,22,11,31,4,12,46,44,44,41,41,38,58,50,78,81,74,40,1,34,0,25,2,33,0,8,0,5,0,10,0,44,0,32,1,43,3,38,1,38,0,44,2,104,0,83,3,91,5,53,4,81,2,88,0,1,0,1,0,0,0,0,0,0,0,0,0,0,0,0,0,0,0,0,0,0,0,0,1,1,0,2,0,1,0,1,1,0,3,0,0,0,2,0,0,0,0,0,0,0,0,0,0,0,0,0,0,0,0,1,0,0,0,0,0,0,0,2,0,0,0,0,0,0,0,0,0,0,0,0,0,0,0,0,0,0,0,0,0,0,0,0,0,0,0,0,0,0,0,0,0,0,0,0,0,0,0,0,0,0,0,0,0,0,0,0,0,0,0,0,0,0,0,0,0,0,0,0,0,0,0,0,0,0,0,0,0,0,0,0,0,0,0,0,0,0,0,0,0,0,0,0,0,0,0,0,0,0,0,0,0,0,0,0,0,0,0,0,0,0,0,0,0,0,0,0,0,0,0,0,0,0
OTU17,Nitrospirae,1,1,1,0,1,0,242,291,307,144,179,193,2,0,0,0,1,0,1,2,2,0,2,0,40,12,45,14,24,8,962,66,791,76,536,46,699,314,1193,321,720,279,459,1026,760,705,674,895,8,1,2,0,13,0,0,0,1,0,0,2,21,6,35,3,16,3,579,25,407,22,480,32,1576,88,1003,93,1238,135,1046,283,716,279,683,301,1,1,0,0,1,2,0,0,2,0,8,0,13,1,7,2,75,56,135,44,101,52,1005,292,1317,264,1232,195,1846,975,2230,775,2034,991,2719,2578,3422,5600,2543,3161,2,0,1,0,0,1,0,0,0,1,3,0,10,5,9,3,12,5,235,22,173,20,216,27,530,67,456,61,446,53,361,105,281,164,278,192,0,2,1,5,0,0,0,0,0,0,0,0,0,0,0,0,0,0,0,0,0,0,0,2,0,0,2,0,0,0,0,0,0,0,0,0,1,1,2,3,0,1,2,0,0,0,0,0,0,0,0,0,0,0,2,0,2,1,0,0,0,0,0,1,0,17,7,38,13805,12412,11547,18,988,147,82,64,105,794,904,4053,317,47,33,468,4514,0,1,121,77,0,60,147,43,569,82,11,166,826,2,8,9,79,66,49,10,3915,42,46,229,11,28,313,254,230,347,291,249,346,25,25,31,31,36,120,161,129,124,111,629,646,870,676,166,376,386,27,50,67,43,0,0,0,0,1,0,0,0,1,3,0,0,2,3,0,0,0,1,0,7,1,38,184,225,25,10,288,297,67,162,116,6,15,7,458,24,21,23,13
OTU18,Planctomycetes,2,0,3,0,10,5,1100,1115,1299,225,241,221,132,100,113,104,122,101,531,184,685,204,543,185,978,418,1323,600,954,406,1578,1009,1264,756,1174,792,1155,1468,1870,1475,1586,1359,1581,1353,2284,1174,2126,1242,99,186,56,207,94,160,322,292,322,247,314,355,243,358,296,502,243,558,1629,1067,1240,388,1324,1014,2016,2127,2216,1801,2497,1986,3658,2333,2629,1988,2620,2212,9,1,0,0,26,95,18,60,36,54,448,297,715,325,479,247,741,1027,1067,1079,868,1006,1020,1686,1271,1575,1318,1226,1507,2443,1885,2005,1758,2419,2508,1666,3272,3820,2571,2071,312,230,257,174,258,219,1082,792,1079,595,1037,770,947,2140,913,1800,978,2266,4051,5169,3417,5706,3648,6203,8444,7993,7478,6990,6781,6975,10110,4713,7571,7662,7341,8198,5,18,12,21,94,4,5,0,2,0,0,0,0,0,0,0,0,0,0,0,0,0,0,4,7,1,4,6,3,13,3,4,3,11,11,0,8,6,1,4,0,0,0,0,0,0,0,0,0,0,0,0,0,1,2,12,6,1,4,2,2,0,0,15,12,9,9,26,6686,5976,5484,85,474,45,204,83,264,255,324,808,560,16,269,112,1177,209,427,100,58,631,91,201,99,180,672,67,80,698,38,82,57,64,194,163,322,518,166,375,305,105,108,319,268,277,435,500,474,543,185,210,183,173,206,431,441,305,213,210,423,502,547,526,315,709,542,238,269,319,335,58,59,61,75,64,53,59,72,33,19,72,54,72,126,89,40,72,64,54,41,40,46,327,355,70,95,329,301,136,362,229,72,90,126,600,118,78,95,109
OTU19,Proteobacteria,102,15,27,20,111,82,8815,9407,10972,10009,11517,9048,150569,94942,143932,75640,140217,73109,132559,50528,193573,54657,156224,56280,129088,61485,207657,74519,171055,56368,179281,83276,176881,72003,173982,68909,121484,81095,222123,76293,177679,72398,128840,83817,202557,70918,185272,77717,105367,77821,102806,80043,111954,84653,219587,60608,199717,63076,204031,83132,208512,42302,256963,58388,192716,65361,206927,62296,159285,25859,164686,60835,121254,75821,111773,67290,136474,83252,138078,71875,106233,61156,98384,74821,30,47849,20023,62097,91158,80991,77546,65264,82132,57112,73551,64546,116392,60373,74584,47271,68431,76628,109695,82219,84938,77761,77862,86664,96396,78703,88613,60739,84128,71953,99888,61781,90908,70033,99467,56893,127450,126402,92721,70695,50596,52985,38876,45404,44539,55274,104415,49077,83649,39388,93162,47553,110193,50346,91263,40442,100922,53245,68753,65619,51891,67979,56705,74152,56150,63537,46615,55136,44949,53963,52393,35185,38798,58120,39585,65511,77,43223,60646,562578,352,28,16322,11034,9,9,0,0,0,0,0,0,0,0,0,0,0,0,24,19,32,27,29,23,23,36,41,20,32,16,14,31,41,10,21,21,11,15,17,9,7,5,8,4,7,9,10,8,8,24,24,18,22,34,15,33,27,42,42,26,21,461,435,1462,163051,154582,140790,2787,642434,405872,5155,6096,3066,373011,754097,1001986,2374,144264,3524,191467,2046108,5127,2727,372276,193430,3012,156611,3768,130994,158932,9123,245440,434697,947911,194954,3627,246840,147990,3992,3817,2531,295352,3829,8380,16916,53360,10001,21171,22019,25465,12680,13711,12506,17000,4259,4353,3979,4211,5060,5595,6690,4198,3642,9918,22848,17248,18239,22114,9869,18496,21252,2920,3002,4300,3542,17680,25743,22139,20680,18587,22519,24728,28189,27454,32515,23813,19101,18290,23742,22071,14239,26905,27404,29256,28288,10342,17757,9769,8623,18216,18419,7889,8093,10578,7083,3538,38262,36392,63400,27883,38512,31369,37716,38965
OTU20,Spirochaetes,0,0,0,0,0,2,13,6,8,8,19,16,51,80,61,70,45,58,72,32,112,37,77,39,157,178,212,231,184,142,319,279,285,236,255,207,571,1753,945,1640,751,1468,481,419,705,342,645,394,1,138,3,110,5,120,0,23,0,28,1,44,3,67,0,71,0,79,6,250,5,116,2,222,25,701,11,618,25,785,29,399,17,423,15,451,2,0,0,0,50,181,44,156,72,143,37,100,71,88,41,71,149,723,178,800,151,751,726,1708,915,1473,863,1109,1428,1491,1760,1257,1618,1411,1468,1304,1877,2794,1336,1498,6,307,4,239,3,291,0,75,1,56,1,94,2,455,2,366,1,471,10,1465,9,1641,10,1743,39,1275,32,1144,39,1195,37,928,27,1480,32,1681,1,1,3,6,26,1,1,1,0,0,0,0,0,0,0,0,0,0,0,0,0,0,11,0,9,9,0,9,13,9,13,12,16,6,10,0,2,1,0,0,0,1,1,0,0,0,0,0,0,0,0,0,0,0,0,0,0,1,0,0,0,0,1,0,1,1,2,7,2895,2940,2666,12,576,204,205,193,70,17,424,1928,35,2,213,112,2362,22,11,158,22,10,36,19,29,47,446,42,72,99,11,74,120,131,230,77,508,537,114,282,79,95,30,100,110,128,65,102,83,126,1141,1152,1081,1310,1117,1071,1356,1937,1658,936,216,150,187,236,89,210,267,685,665,1154,1012,42,68,115,134,94,120,122,135,119,90,50,56,113,160,122,109,131,85,115,50,15,10,26,55,15,10,49,34,25,1497,1589,62,82,112,371,128,136,152,138
OTU21,Synergistetes,1,0,0,0,0,0,1,1,0,3,0,1,242,91,265,94,213,88,129,83,177,92,150,95,140,59,252,87,205,55,127,109,146,95,119,43,52,91,113,85,69,59,24,89,75,91,67,64,79,138,63,164,81,136,27,108,8,132,17,160,16,37,17,71,23,69,58,122,23,22,20,79,13,123,21,101,27,154,15,94,16,105,17,106,0,0,0,0,32,63,20,42,35,39,19,19,18,37,12,25,12,19,23,31,23,38,11,39,22,35,24,31,12,39,13,41,17,51,17,37,20,94,12,57,105,176,88,138,103,181,49,69,41,37,35,55,33,61,29,39,19,43,97,111,58,131,72,165,58,190,65,160,53,150,95,113,51,172,56,211,0,0,0,6,1,0,0,0,0,0,0,0,0,0,0,0,0,0,0,0,0,0,3,3,7,4,2,1,5,2,0,2,2,2,6,0,1,4,0,0,0,0,0,0,0,0,0,0,0,0,0,0,0,0,0,0,0,0,0,0,0,0,0,0,0,1,1,2,60,56,58,1,2,1,3,1,0,3,7,386,0,0,0,0,389,4,0,0,1,1,0,4,0,0,3,2,1,3,0,2,0,0,1,1,263,7,0,1,54,40,28,42,40,57,2,8,3,5,461,397,416,280,478,1537,2186,1370,1258,906,0,3,6,7,2,5,4,342,296,412,413,90,88,60,53,82,103,130,111,59,68,108,76,76,74,113,56,203,243,84,115,39,0,3,15,2,4,3,2,24,1413,1268,20,49,56,1,105,52,93,87
OTU22,Tenericutes,0,0,1,0,0,0,0,0,0,0,8,0,5,0,3,0,3,0,0,0,0,2,0,0,1,0,1,0,0,1,0,0,1,0,0,0,1,0,0,2,0,0,0,0,0,0,2,0,56,22,61,23,97,16,19,8,16,10,22,12,12,6,18,16,14,16,42,12,45,5,40,14,18,11,25,13,28,33,34,15,17,8,13,8,0,0,0,1,1,0,1,0,1,0,0,0,0,3,3,0,1,0,0,0,0,1,0,0,1,1,0,0,0,0,0,2,0,3,0,1,0,1,0,0,39,4,10,6,17,4,5,3,10,0,6,1,10,6,6,2,5,7,2,9,9,13,5,11,7,6,7,14,7,8,4,4,12,10,5,6,0,0,0,5,0,0,0,0,0,0,0,0,0,0,0,0,0,0,0,0,0,0,1,4,1,1,5,5,5,6,2,3,2,0,12,0,0,0,0,0,0,0,0,0,0,1,1,0,0,0,1,0,0,0,0,0,0,0,0,0,0,0,0,0,0,0,0,1,16,16,10,0,17,7,3,6,8,10,21,32,2,2,5,1,63,76,0,5,4,10,5,2,3,4,17,11,9,18,3,5,9,6,8,8,0,18,3,6,111,83,9,131,126,109,7,30,21,21,124,178,140,467,135,153,141,605,482,278,22,22,24,34,12,37,38,43,19,94,82,97,167,95,60,96,205,106,105,53,73,168,165,166,135,118,65,140,130,96,83,0,17,4,7,6,3,10,12,7,187,484,70,100,144,38,182,128,158,155
OTU23,Verrucomicrobia,5,0,2,0,8,3,120,139,181,352,428,374,367,326,339,311,336,276,953,620,1189,597,949,648,1270,873,1758,992,1355,709,1741,858,1587,804,1469,761,1326,1208,2286,1042,1926,998,1744,1586,2354,1279,2031,1454,122,305,106,370,126,421,37,469,47,517,52,597,74,429,71,565,62,664,346,572,305,341,397,617,352,865,283,728,386,889,480,1049,362,872,352,1055,6,0,1,0,964,599,817,501,898,456,2473,4050,3716,3875,2546,3120,4327,6756,6929,7452,5239,6855,3232,3848,4075,3600,3794,2753,3725,5201,4569,4380,4279,5138,4093,5900,5342,12751,4095,7258,956,841,777,723,804,821,1014,4293,957,3564,903,4288,1370,8171,1157,6492,1260,8175,7805,6907,6079,7719,6669,8212,8406,11446,7233,10253,6492,10089,9183,9914,6900,16593,6923,18009,0,7,5,17,50,1,3,0,1,3,0,0,0,0,0,0,0,0,0,0,0,0,1,0,7,0,2,8,8,4,6,9,10,0,7,3,4,2,1,2,0,1,0,0,0,0,0,0,0,0,0,0,0,0,2,2,1,0,1,1,0,4,2,2,2,8,10,26,4736,4276,4020,30,237,50,164,127,78,231,246,1211,178,67,112,101,1592,49,338,66,23,65,36,94,102,207,464,139,63,264,47,132,68,37,113,84,430,580,140,264,166,66,131,207,179,228,310,337,344,377,538,455,509,468,600,596,744,500,480,465,574,522,539,626,227,475,435,194,218,349,274,36,60,201,148,113,159,69,67,71,73,39,35,174,164,84,73,107,49,103,48,107,307,528,532,215,236,226,270,124,619,439,39,59,79,490,92,72,84,85
OTU24,Ascomycota,0,0,0,0,0,1,1,0,0,10,12,10,0,0,0,0,0,0,0,0,1,0,0,0,0,0,1,0,0,0,0,0,0,0,0,0,0,0,0,0,0,0,0,0,0,0,0,0,0,0,0,0,0,0,0,0,0,0,1,0,0,0,2,0,0,0,0,0,0,0,1,0,0,0,0,0,0,0,0,0,0,0,0,0,0,0,0,0,0,0,1,0,0,0,1,0,0,0,0,0,1,0,0,0,0,0,0,0,0,0,0,0,0,0,1,0,0,0,0,0,0,0,0,0,0,0,0,0,1,0,0,0,0,0,0,0,0,0,0,0,0,0,0,0,0,0,0,0,0,0,0,0,0,0,0,0,0,0,0,0,0,0,0,0,0,0,3,1,0,0,0,0,0,0,0,0,0,0,0,0,0,0,0,0,0,0,0,0,0,0,0,0,0,0,0,2,0,2,0,0,2,3,0,0,0,1,0,0,0,0,0,0,0,0,0,0,0,0,0,0,0,0,0,0,0,0,0,0,0,0,0,0,0,0,0,0,0,0,0,0,0,0,0,0,0,0,0,0,0,0,0,0,0,0,0,0,0,0,0,0,0,0,0,0,0,0,0,0,0,0,0,0,0,0,0,0,0,0,0,0,0,0,0,0,0,0,0,0,0,0,0,0,0,0,0,0,0,0,0,0,0,0,0,0,0,0,0,0,0,0,0,0,0,0,0,0,0,0,0,0,0,0,0,0,0,0,0,0,0,0,0,0,0,0,0,0,0,0
OTU25,Arthropoda,0,0,0,0,0,1,3,3,4,2,4,1,0,0,0,0,0,0,0,0,0,0,0,0,0,0,0,0,0,0,0,0,0,0,0,0,0,0,0,0,1,0,0,0,0,0,0,0,0,0,0,0,0,0,2,0,0,0,0,0,0,0,0,0,1,0,1,0,0,0,0,0,1,0,0,0,0,0,0,0,0,0,0,0,0,0,0,1,0,1,0,0,1,0,6,0,6,1,8,0,11,0,12,3,10,1,2,0,2,0,0,0,0,2,1,0,2,0,0,0,0,0,0,1,0,0,0,0,0,0,1,0,1,0,0,0,1,0,1,0,0,0,0,0,0,0,0,0,0,0,0,0,0,0,0,0,0,0,0,0,0,0,0,0,0,0,0,0,0,0,0,0,0,0,0,0,0,0,0,0,0,0,0,0,0,0,0,0,0,0,0,0,0,0,0,0,0,0,0,0,0,0,0,0,0,0,0,0,0,0,0,0,0,0,0,0,0,0,0,0,0,0,0,0,0,0,0,0,0,0,0,0,0,0,0,0,0,0,0,0,0,0,0,0,0,0,0,0,0,0,0,0,0,0,0,0,0,0,0,0,0,0,0,0,0,0,0,0,0,0,0,0,0,0,0,0,0,0,0,0,0,0,0,0,0,0,0,0,0,0,0,0,0,0,0,0,0,0,0,0,0,0,0,0,0,0,0,0,0,0,0,0,0,0,0,0,0,0,0,0,0,0,0,0,0,0,0,0,0,0,0,0,0,0,0,0,0,0
OTU26,Rotifera,1,0,1,0,0,0,68,39,69,0,4,2,1,0,0,0,0,0,1,0,0,0,2,0,2,0,0,0,0,0,0,0,2,0,1,0,1,0,0,0,0,0,1,1,0,0,1,0,2,0,0,0,0,0,1,0,0,0,0,0,0,0,1,0,0,0,2,0,1,0,1,0,1,0,0,0,2,0,3,0,0,0,0,0,0,0,2,0,0,0,0,0,0,0,3,0,0,0,2,0,0,0,0,0,2,0,4,0,8,1,4,2,7,0,5,1,8,1,9,2,5,2,11,6,0,0,0,0,0,0,1,0,0,0,0,0,0,0,0,0,0,0,4,0,0,0,1,0,5,0,2,0,0,0,2,0,1,0,0,2,0,0,2,1,0,0,0,0,0,0,0,0,0,0,0,0,0,0,0,0,0,0,1,0,0,0,0,0,0,0,3,0,0,0,0,2,0,0,0,0,0,0,0,0,0,0,0,0,0,0,0,0,0,0,0,2,1,0,5,0,0,0,0,2,2,0,0,0,0,0,0,0,0,0,0,0,0,0,0,0,0,0,0,0,0,0,0,0,0,0,0,0,0,0,0,0,0,0,0,0,0,0,0,0,0,0,0,0,0,0,0,0,0,0,0,0,0,0,0,0,0,0,0,0,0,0,0,0,0,0,0,0,0,0,0,0,0,0,0,0,0,0,0,0,0,0,0,0,0,0,0,0,0,0,0,0,0,0,0,0,0,0,0,0,0,0,0,0,0,0,0,0,0,0,0,0,0,0
OTU27,Cercozoa,1,0,3,0,0,0,0,0,0,0,0,0,0,0,0,0,0,0,0,0,0,0,0,0,0,0,0,0,0,0,0,0,0,0,0,0,0,0,0,0,0,0,0,0,0,0,0,0,0,0,0,0,0,0,0,0,0,0,0,0,0,0,0,0,0,0,0,0,0,0,0,0,0,0,0,0,0,0,0,0,0,0,0,0,0,0,0,0,0,0,0,0,0,0,0,0,0,0,0,0,0,0,0,0,0,0,0,0,0,0,0,0,0,0,0,0,0,0,0,0,0,0,0,0,0,0,0,0,0,0,0,0,0,0,0,0,0,0,0,0,0,0,0,0,0,0,0,0,0,0,0,0,0,0,0,0,0,0,0,0,0,0,0,0,0,0,0,0,0,0,0,0,0,0,0,0,0,0,0,0,0,0,0,0,0,0,0,0,0,0,0,0,0,0,0,0,0,0,0,0,0,0,0,0,0,0,0,0,0,0,0,0,0,0,0,0,0,0,0,0,0,0,0,0,0,0,0,0,0,0,0,0,0,0,0,0,0,0,0,0,0,0,0,0,0,0,0,0,0,0,0,0,0,0,0,0,0,0,0,0,0,0,0,0,0,0,0,0,0,0,0,0,0,0,0,0,0,0,0,0,0,0,0,0,0,0,0,0,0,0,0,0,0,0,0,0,0,0,0,0,0,0,0,0,0,0,0,0,0,0,0,0,0,0,0,0,0,0,0,0,0,0,0,0,0,0,0,0,0,0,0,0,0,0,0,0,0,0
OTU28,Ciliophora,0,2,5,8,0,0,0,0,0,0,0,0,0,0,0,0,0,0,0,0,0,0,0,0,0,0,0,0,0,0,0,0,0,0,0,0,0,0,0,0,0,0,0,0,0,0,0,0,0,0,0,0,0,0,0,0,0,0,0,0,0,0,0,0,0,0,0,0,0,0,0,0,0,0,0,0,0,0,0,0,0,0,0,0,0,0,0,0,0,0,0,0,0,0,0,0,0,0,0,0,0,0,0,0,0,0,0,0,0,0,0,0,0,0,0,0,0,0,0,0,0,0,0,0,0,0,0,0,0,0,0,0,0,0,0,0,0,0,0,0,0,0,0,0,0,0,0,0,0,0,0,0,0,0,0,0,0,0,0,0,0,0,0,0,0,0,0,0,0,0,0,0,0,0,0,0,0,0,0,0,0,0,0,0,0,0,0,0,0,0,0,0,0,0,0,0,0,0,0,0,0,0,0,0,0,0,0,0,0,0,0,0,0,0,0,0,0,0,0,0,0,0,0,0,0,0,0,0,0,0,0,0,0,0,0,0,0,0,0,0,0,0,0,0,0,0,0,0,0,0,0,0,0,0,0,0,0,0,0,0,0,0,0,0,0,0,0,0,0,0,0,0,0,0,0,0,0,0,0,0,0,0,0,0,0,0,0,0,0,0,0,0,0,0,0,0,0,0,0,0,0,0,0,0,0,0,0,0,0,0,0,0,0,0,0,0,0,0,0,0,0,0,0,0,0,0,0,0,0,0,0,0,0,0,0,0,0,0
OTU29,Euglenozoa,0,0,2,0,0,0,0,0,0,0,0,0,0,0,0,0,0,0,0,0,0,0,0,0,0,0,0,0,0,0,0,0,0,0,0,0,0,0,0,0,0,0,0,0,0,0,0,0,0,0,0,0,0,0,0,0,0,0,0,0,0,0,0,0,0,0,0,0,0,0,0,0,0,0,0,0,0,0,0,0,0,0,0,0,0,0,0,0,0,0,0,0,0,0,0,0,0,0,0,0,0,0,0,0,0,0,0,0,0,0,0,0,0,0,0,0,0,0,0,0,0,0,0,0,0,0,0,0,0,0,0,0,0,0,0,0,0,0,0,0,0,0,0,0,0,0,0,0,0,0,0,0,0,0,0,0,0,0,0,0,0,0,0,0,0,0,0,0,0,0,0,0,0,0,0,0,0,0,0,0,0,0,0,0,0,0,0,0,0,0,0,0,0,0,0,0,0,0,0,0,0,0,0,0,0,0,0,0,0,0,0,0,0,0,0,0,0,0,0,0,0,0,0,0,0,0,0,0,0,0,0,0,0,0,0,0,0,0,0,0,0,0,0,0,0,0,0,0,0,0,0,0,0,0,0,0,0,0,0,0,0,0,0,0,0,0,0,0,0,0,0,0,0,0,0,0,0,0,0,0,0,0,0,0,0,0,0,0,0,0,0,0,0,0,0,0,0,0,0,0,0,0,0,0,0,0,0,0,0,0,0,0,0,0,0,0,0,0,0,0,0,0,0,0,0,0,0,0,0,0,0,0,0,0,0,0,0,0
OTU30,Tubulinea,0,0,0,0,1,0,0,0,0,0,0,0,0,0,0,0,0,0,0,0,0,0,0,0,0,0,0,0,0,0,0,0,0,0,0,0,0,0,0,0,0,0,0,0,0,0,0,0,0,0,0,0,0,0,0,0,0,0,0,0,0,0,0,0,0,0,0,0,0,0,0,0,0,0,0,0,0,0,0,0,0,0,0,0,0,0,0,0,0,0,0,0,0,0,0,0,0,0,0,0,0,0,0,0,0,0,0,0,0,0,0,0,0,0,0,0,0,0,0,0,0,0,0,0,0,0,0,0,0,0,0,0,0,0,0,0,0,0,0,0,0,0,0,0,0,0,0,0,0,0,0,0,0,0,0,0,0,0,0,0,0,0,0,0,0,0,0,0,0,0,0,0,0,0,0,0,0,0,0,0,0,0,0,0,0,0,0,0,0,0,0,0,0,0,0,0,0,0,0,0,0,0,0,0,0,0,0,0,0,0,0,0,0,0,0,0,0,0,0,0,0,0,0,0,0,0,0,0,0,0,0,0,0,0,0,0,0,0,0,0,0,0,0,0,0,0,0,0,0,0,0,0,0,0,0,0,0,0,0,0,0,0,0,0,0,0,0,0,0,0,0,0,0,0,0,0,0,0,0,0,0,0,0,0,0,0,0,0,0,0,0,0,0,0,0,0,0,0,0,0,0,0,0,0,0,0,0,0,0,0,0,0,0,0,0,0,0,0,0,0,0,0,0,0,0,0,0,0,0,0,0,0,0,0,0,0,0,0
OTU31,Streptophyta,0,0,0,0,0,2,1,2,2,4,12,11,0,0,0,0,0,0,0,0,0,0,0,0,0,0,0,0,0,0,0,0,0,0,0,0,0,0,1,0,0,0,0,0,0,0,0,0,0,0,0,0,0,0,0,0,0,0,0,0,0,0,0,0,0,0,0,0,0,0,0,0,0,0,0,0,0,0,0,0,0,0,0,0,0,0,0,0,0,0,0,0,0,0,0,0,0,0,0,0,0,0,1,0,0,0,0,0,0,0,0,0,1,0,0,0,0,0,1,0,0,0,1,0,0,0,0,0,0,0,0,0,0,0,0,0,0,0,0,0,0,0,0,0,0,0,0,0,0,0,0,0,0,0,0,0,0,0,0,0,0,0,0,0,0,0,0,0,0,0,0,0,0,0,0,0,0,0,0,0,0,0,0,0,0,0,0,0,1,0,0,0,0,0,0,0,0,0,0,0,0,0,1,0,0,0,0,0,0,0,0,0,0,0,0,0,0,0,0,0,0,0,0,0,0,0,0,0,0,0,0,0,0,0,0,0,0,0,0,0,0,0,0,0,0,0,0,0,0,0,0,0,0,0,0,0,0,0,0,0,0,0,0,0,0,0,0,0,0,0,0,0,0,0,0,0,0,0,0,0,0,0,0,0,0,0,0,0,0,0,0,0,0,0,0,0,0,0,0,0,0,0,0,0,0,0,0,0,0,0,0,0,0,0,0,0,0,0,0,0,0,0,0,0,0,0,0,0,0,0,0,0,0,0,0,0,0,0
OTU32,Crenarchaeota,0,0,0,0,0,0,0,0,2,0,0,0,0,0,0,0,0,0,0,0,0,0,0,0,0,0,0,0,0,0,0,0,0,0,0,0,0,0,1,0,1,0,0,0,0,0,0,0,0,0,0,0,0,0,0,0,0,0,0,0,0,0,0,0,0,0,0,0,0,0,0,0,0,0,0,0,0,0,0,1,0,0,0,0,0,0,0,0,0,0,0,0,0,0,0,0,0,0,0,0,0,0,0,0,0,0,0,0,0,0,0,0,0,0,0,0,0,0,0,0,0,0,0,0,0,0,0,0,0,0,0,0,0,0,0,0,0,0,0,0,0,0,0,0,0,0,1,0,0,0,0,0,0,0,1,0,0,0,0,0,0,0,0,0,0,0,0,0,0,0,0,0,0,0,0,0,0,0,0,0,0,0,0,0,1,0,0,1,1,0,0,0,0,0,1,0,0,0,0,0,0,0,0,0,0,0,0,0,0,0,0,0,0,0,0,0,0,0,0,0,0,0,0,0,0,0,0,0,2,1,0,0,8,1,0,0,0,0,3,30,0,2,0,0,33,0,0,2,0,0,0,0,0,0,0,0,1,1,0,0,1,0,0,0,12,2,0,0,0,0,0,0,0,0,0,0,0,0,2,3,5,7,5,5,9,42,37,25,0,0,0,0,0,0,0,8,11,27,20,0,0,0,0,0,0,0,0,0,0,0,0,0,0,0,0,0,0,0,0,0,0,0,0,0,0,0,0,0,8,36,0,0,0,0,1,0,0,0
OTU33,Euryarchaeota,0,0,0,0,0,0,3,2,6,1,2,8,0,0,0,0,0,0,0,0,0,0,0,0,0,0,0,0,0,0,0,1,0,0,0,0,0,0,0,0,0,0,0,0,0,0,0,0,0,0,0,0,0,0,2,0,0,0,0,0,0,0,0,0,0,0,0,0,0,0,0,0,0,0,0,0,0,0,0,0,0,0,0,0,0,0,0,0,5,14,1,16,4,15,0,12,7,8,2,16,3,10,6,5,3,10,1,12,4,15,4,9,2,23,6,8,2,12,4,20,1,45,5,24,94,74,89,61,63,74,39,17,34,17,27,18,22,24,24,28,16,36,18,46,15,53,18,78,30,132,23,111,17,90,33,69,14,118,23,98,0,0,0,0,0,0,0,0,0,0,0,0,0,0,0,0,0,0,0,0,0,0,7,3,6,9,3,4,6,2,5,6,5,5,10,1,2,4,0,0,0,0,0,0,0,0,0,0,0,0,0,0,0,0,0,0,0,0,0,0,0,2,1,0,0,3,2,2,597,539,531,5,822,73,3,15,0,37,320,2033,1,13,7,225,2254,2,0,63,120,25,2,16,11,30,20,47,93,105,7,8,47,16,19,0,549,127,8,17,43,44,24,70,41,49,16,21,14,16,1303,1431,1195,926,1418,860,974,799,644,551,20,7,14,29,15,53,22,1969,2122,2842,2576,14,5,2,14,11,23,53,50,51,53,15,29,23,37,30,38,21,52,84,79,0,0,11,11,10,21,16,30,37,980,527,33,28,41,45,85,78,75,105
OTU34,Calditrichaeota,0,0,0,0,0,0,0,0,0,0,0,1,0,0,0,0,0,0,0,0,0,0,0,0,0,0,0,1,0,0,0,0,0,0,0,0,0,0,0,0,1,0,0,0,1,0,2,0,0,0,0,0,0,0,0,0,0,0,0,0,0,0,0,0,0,0,1,1,0,0,0,1,2,1,0,0,1,0,0,0,0,0,0,0,0,0,0,0,0,0,0,0,0,0,0,0,0,0,0,0,0,0,0,1,0,1,0,0,0,0,0,0,1,0,0,0,0,0,0,1,1,0,0,0,0,1,0,0,0,1,0,0,0,0,0,0,0,1,0,0,0,0,0,1,0,0,0,0,0,1,0,0,0,0,0,0,0,0,0,0,0,0,0,0,0,0,0,0,0,0,0,0,0,0,0,0,0,0,0,0,0,0,0,0,1,0,0,0,0,0,4,0,2,0,0,0,0,0,0,0,0,0,0,0,0,0,0,0,0,0,0,0,0,0,0,0,0,0,0,0,0,0,0,0,0,0,0,0,0,0,0,0,0,0,0,0,0,0,0,0,0,0,0,0,0,0,0,0,0,0,0,0,0,0,0,0,0,0,0,0,0,0,0,0,0,0,0,0,0,0,0,0,0,0,0,0,0,0,0,0,0,0,0,0,0,0,0,0,0,0,0,0,0,0,0,0,0,0,0,0,0,0,0,0,0,0,0,0,0,0,0,0,0,0,0,0,0,0,0,0,0,0,0,0,0,0,0,0,0,0,0,0,0,0,0,0,0,0
OTU35,Chlamydiae,0,0,0,0,0,0,4,2,3,22,22,13,0,1,0,0,0,2,0,0,0,0,1,0,0,0,2,0,0,0,0,0,0,0,0,2,0,0,2,0,0,5,1,0,0,2,0,2,2,4,1,2,3,0,1,0,2,0,1,0,0,0,1,0,0,0,0,0,0,0,0,0,0,2,1,0,1,0,0,0,1,0,0,0,0,0,0,0,2,3,0,3,0,3,36,4,29,6,23,3,27,22,39,15,28,7,8,13,8,14,5,9,6,11,13,13,11,6,14,7,21,13,11,7,3,7,2,11,3,9,18,2,19,3,15,4,9,9,12,2,12,13,5,13,4,20,1,18,12,18,10,9,9,11,15,4,16,3,14,3,0,0,0,0,0,0,0,0,0,0,0,0,0,0,0,0,0,0,0,0,0,0,1,1,0,1,0,0,0,1,0,0,0,1,0,0,0,0,0,0,0,0,0,2,2,0,1,0,0,1,1,1,1,1,1,0,3,0,0,0,0,0,0,0,0,0,0,0,59,44,47,3,4,4,5,2,0,9,16,14,5,0,11,1,22,0,4,2,2,9,3,17,5,5,49,1,3,6,0,2,5,1,3,9,8,10,6,10,3,0,30,3,2,1,5,2,3,5,6,4,5,5,5,1,3,3,3,1,16,11,13,17,11,24,13,3,7,1,10,0,0,0,0,0,1,0,1,0,0,0,0,0,0,0,0,3,2,0,0,36,65,11,39,37,39,36,17,27,3,5,1,0,2,19,3,2,2,4
OTU36,Cyanobacteria,0,0,0,0,0,0,144,144,157,40,30,38,223,154,209,147,156,123,155,21,177,9,169,11,85,67,84,98,56,44,53,60,46,40,24,39,140,166,248,168,213,142,292,116,389,107,356,113,15,261,14,259,6,326,20,9,21,12,16,9,16,66,13,80,11,80,14,42,6,12,6,23,53,116,42,127,51,155,77,80,72,79,53,71,0,1,1,3,405,513,374,427,374,392,303,64,465,51,294,42,101,216,139,235,128,245,87,174,119,160,101,132,534,537,651,460,587,520,1191,380,1485,724,1245,433,30,513,12,441,13,485,66,24,45,17,52,31,9,98,6,80,13,88,23,107,12,89,20,97,81,307,59,271,53,267,98,108,77,201,72,225,0,1,0,4,1,0,0,0,9,0,0,0,0,0,0,0,0,0,0,0,0,0,0,0,0,0,0,0,0,0,0,0,0,2,0,0,1,1,0,0,0,0,0,0,0,0,0,0,0,0,0,0,0,0,0,2,0,0,0,0,1,0,0,1,0,3,0,1,1358,1264,1223,17,170,14,17,4,2,79,122,313,28,32,27,34,432,5,17,27,11,9,8,22,25,94,94,27,76,61,20,14,1607,31,47,21,6,217,10,32,41,35,107,37,66,92,67,69,60,74,8,10,8,8,13,15,22,18,12,8,60,57,62,62,23,48,62,15,7,24,28,10,13,15,29,19,30,16,24,29,18,25,12,56,37,19,24,16,14,6,9,149,179,100,51,88,109,66,64,87,35,12,21,22,46,81,59,75,55,67
OTU37,Nitrospinae,0,0,0,0,0,0,1,0,0,0,0,1,0,0,0,0,0,0,1,0,0,2,0,0,0,0,0,0,0,0,0,1,0,0,0,2,0,0,0,1,0,0,0,0,0,0,0,0,0,0,0,0,0,0,0,0,0,0,0,0,0,0,0,0,0,0,0,0,0,0,0,2,0,0,0,0,0,0,0,0,1,0,0,0,0,0,0,0,0,0,0,0,0,0,0,0,0,0,0,0,0,0,0,0,0,0,0,0,0,0,0,0,1,0,0,0,1,1,0,0,0,0,0,0,0,0,0,0,0,0,0,0,0,0,0,0,0,0,0,0,0,0,0,1,0,0,0,0,0,0,1,0,0,0,0,0,0,0,1,0,0,0,0,0,0,0,0,0,0,0,0,0,0,0,0,0,0,0,0,0,0,0,0,0,0,0,0,0,0,0,0,0,0,0,0,0,0,0,0,0,0,0,0,0,0,0,0,0,0,0,0,0,0,0,0,0,0,0,0,0,0,0,0,0,0,0,0,0,0,0,0,0,0,0,0,0,0,0,0,0,0,0,0,0,0,0,0,0,0,0,0,0,0,0,0,0,0,0,0,0,0,0,0,0,0,0,0,0,0,0,0,0,0,0,0,0,0,0,0,0,0,0,0,0,0,0,0,0,0,0,0,0,0,0,0,0,0,0,0,0,0,0,0,0,0,0,0,0,0,0,0,0,0,0,0,0,0,0,0,0,0,0,0,0,0,0,0,0,0,0,0,0,0,0,0,0,0,0
OTU38,Thermotogae,0,0,0,0,0,0,0,1,0,0,0,0,0,0,0,0,0,0,0,1,0,0,0,0,0,0,0,0,0,0,0,0,0,0,0,0,0,0,0,0,0,0,0,0,0,0,0,0,0,0,0,0,0,0,0,0,0,0,0,0,0,0,0,0,0,0,0,0,0,0,0,0,0,1,0,1,0,0,0,0,0,0,0,0,0,0,0,0,0,0,0,0,0,0,0,0,0,0,0,0,0,0,0,0,0,0,0,0,0,0,0,0,0,0,0,0,0,1,0,0,0,0,0,0,0,0,0,0,0,0,0,0,0,1,0,0,0,0,0,0,0,0,0,0,0,0,0,0,0,1,0,3,0,4,0,0,0,0,0,0,0,0,0,0,0,0,0,0,0,0,0,0,0,0,0,0,0,0,0,0,0,0,2,3,5,3,3,3,2,6,4,3,5,5,3,0,0,3,0,0,0,0,0,0,0,0,0,0,0,0,0,0,0,0,0,0,0,0,0,0,0,0,0,0,0,0,0,0,5,4,5,0,16,4,0,0,0,0,4,644,0,0,0,0,643,3,0,0,2,0,0,1,0,0,2,0,0,0,0,1,0,0,6,0,320,2,0,3,0,1,0,0,3,4,0,0,1,0,177,155,164,158,165,82,90,126,118,75,0,0,0,0,0,0,0,106,101,151,146,0,0,1,0,0,1,0,0,7,0,4,0,0,0,0,2,0,0,0,0,0,0,0,0,0,0,0,0,0,79,81,0,0,2,0,3,0,2,2
OTU39,Annelida,0,0,0,0,0,0,0,0,0,8,2,0,0,0,0,0,0,0,0,0,0,0,0,0,0,0,1,0,1,0,1,0,0,0,0,0,0,0,1,0,2,0,5,0,2,0,0,0,0,0,0,0,0,0,0,0,0,0,0,0,0,0,0,0,0,0,3,0,0,0,0,0,1,0,1,0,0,0,0,0,0,0,0,0,0,0,1,0,0,0,0,0,0,0,0,0,0,0,0,0,0,0,0,0,0,0,1,1,0,1,0,1,14,3,14,3,26,0,18,1,9,5,14,2,0,0,0,0,1,0,0,0,0,0,0,0,0,0,0,0,0,0,1,0,0,0,0,0,6,0,4,1,1,0,7,0,7,0,2,1,0,0,0,0,0,0,0,0,0,0,0,0,0,0,0,0,0,0,0,0,0,0,0,0,0,0,0,0,0,0,0,0,0,0,0,0,0,0,0,0,0,0,0,0,0,0,0,0,0,0,0,0,0,0,0,0,0,0,0,0,0,0,0,0,0,0,0,0,0,0,0,0,0,0,0,0,0,0,0,0,0,0,0,0,0,0,0,0,0,0,0,0,0,0,0,0,0,0,0,0,0,0,0,0,0,0,0,0,0,0,0,0,0,0,0,0,0,0,0,0,0,0,0,0,0,0,0,0,0,0,0,0,0,0,0,0,0,0,0,0,0,0,0,0,0,0,0,0,0,0,0,0,0,0,0,0,0,0,0,0,0,0,0,0,0,0,0,0,0,0,0,0,0,0,0,0,0,0
OTU40,Apicomplexa,0,0,0,0,0,0,1,0,1,2,2,5,0,0,0,0,0,0,0,0,0,0,0,0,0,0,0,0,0,0,0,0,0,0,0,0,0,0,0,0,0,0,0,0,0,0,0,0,0,0,0,0,0,0,0,0,0,0,0,0,0,0,0,0,0,0,0,0,0,0,0,0,0,0,0,0,0,0,0,0,0,0,0,0,0,0,0,0,0,0,0,0,0,0,0,0,0,0,0,0,0,0,0,0,0,0,0,0,0,0,0,0,1,0,0,0,0,0,0,0,0,0,0,0,0,0,0,0,0,0,0,0,0,0,0,0,0,0,0,0,0,0,0,0,0,0,0,0,0,0,0,0,0,0,0,0,0,0,0,0,0,0,0,0,0,0,0,0,0,0,0,0,0,0,0,0,0,0,0,0,0,0,0,0,0,0,0,0,0,0,0,0,0,0,0,0,0,0,0,0,0,0,0,0,0,0,0,0,0,0,0,0,0,0,0,0,0,0,0,0,0,0,0,0,0,0,0,0,0,0,0,0,0,0,0,0,0,0,0,0,0,0,0,0,0,0,0,0,0,0,0,0,0,0,0,0,0,0,0,0,0,0,0,0,0,0,0,0,0,0,0,0,0,0,0,0,0,0,0,0,0,0,0,0,0,0,0,0,0,0,0,0,0,0,0,0,0,0,0,0,0,0,0,0,0,0,0,0,0,0,0,0,0,0,0,0,0,0,0,0,0,0,0,0,0,0,0,0,0,0,0,0,0,0,0,0,0,0
OTU41,Bacillariophyta,0,0,0,0,0,0,0,0,0,1,4,5,0,0,0,0,0,0,0,0,0,0,0,0,0,0,0,0,0,0,0,0,0,0,0,0,0,0,0,0,0,0,0,0,0,0,0,0,0,0,0,0,0,0,0,0,0,0,0,0,0,0,0,0,0,0,0,0,0,0,0,0,0,0,0,0,0,0,1,0,0,0,0,0,0,0,0,0,0,0,0,0,0,0,0,0,0,0,0,0,0,0,0,0,0,0,0,0,0,0,1,0,0,0,2,0,0,0,1,0,0,0,1,0,0,0,0,0,0,0,0,0,0,0,0,0,0,0,0,0,0,0,0,0,0,0,0,0,0,0,1,0,0,0,0,0,0,0,0,0,0,0,0,0,0,0,0,0,0,0,0,0,0,0,0,0,0,0,0,0,0,0,0,0,0,0,0,0,0,0,0,0,0,0,0,0,0,0,0,0,0,0,0,0,0,0,0,0,0,0,0,0,0,0,0,0,0,0,0,0,0,0,0,0,0,0,0,0,0,0,0,0,0,0,0,0,0,0,0,0,0,0,0,0,0,0,0,0,0,0,0,0,0,0,0,0,0,0,0,0,0,0,0,0,0,0,0,0,0,0,0,0,0,0,0,0,0,0,0,0,0,0,0,0,0,0,0,0,0,0,0,0,0,0,0,0,0,0,0,0,0,0,0,0,0,0,0,0,0,0,0,0,0,0,0,0,0,0,0,0,0,0,0,0,0,0,0,0,0,0,0,0,0,0,0,0,0,0
OTU42,Basidiomycota,0,0,0,0,0,0,0,0,0,4,1,1,0,0,0,0,0,0,0,0,0,0,0,0,0,0,0,0,0,0,0,0,0,0,0,0,0,0,0,0,0,0,0,0,0,0,0,0,0,0,0,0,0,0,0,0,0,0,0,0,0,0,0,0,0,0,0,0,0,0,0,0,0,0,0,0,0,0,0,0,0,0,0,0,0,0,0,0,0,0,0,0,0,0,0,0,0,0,0,0,0,0,0,0,0,1,0,0,0,0,0,0,0,0,0,0,0,0,0,0,0,0,0,0,0,0,0,0,0,0,0,0,0,0,0,0,0,0,0,0,0,0,0,0,0,0,0,0,0,0,0,0,0,0,0,0,0,0,0,0,0,0,0,0,0,0,10,6,0,0,0,0,0,0,0,0,0,0,0,0,0,0,0,0,0,0,0,0,0,0,0,0,0,0,0,0,0,0,0,0,0,1,0,0,0,0,0,0,0,0,0,0,0,0,0,0,0,0,0,0,0,0,0,0,0,0,0,0,0,0,0,0,0,0,0,0,0,0,0,0,0,0,0,0,0,0,0,0,0,0,0,0,0,0,0,0,0,0,0,0,0,0,0,0,0,0,0,0,0,0,0,0,0,0,0,0,0,0,0,0,0,0,0,0,0,0,0,0,0,0,0,0,0,0,0,0,0,0,0,0,0,0,0,0,0,0,0,0,0,0,0,0,0,0,0,0,0,0,0,0,0,0,0,0,0,0,0,0,0,0,0,0,0,0,0,0,0,0
OTU43,Blastocladiomycota,0,0,0,0,0,0,0,0,0,0,1,1,0,0,0,0,0,0,0,0,0,0,0,0,0,0,0,0,0,0,0,0,0,0,0,0,0,0,0,0,0,0,0,0,0,0,0,0,0,0,0,0,0,0,0,0,0,0,0,0,0,0,0,0,0,0,0,0,0,0,0,0,0,0,0,0,0,0,0,0,0,0,0,0,0,0,0,0,0,0,0,0,0,0,0,0,0,0,0,0,0,0,0,0,0,0,0,0,0,0,0,0,0,0,0,0,0,0,0,0,0,0,0,0,0,0,0,0,0,0,0,0,0,0,0,0,0,0,0,0,0,0,0,0,0,0,0,0,0,0,0,0,0,0,0,0,0,0,0,0,0,0,0,0,0,0,0,0,0,0,0,0,0,0,0,0,0,0,0,0,0,0,0,0,0,0,0,0,0,0,0,0,0,0,0,0,0,0,0,0,0,0,0,0,0,0,0,0,0,0,0,0,0,0,0,0,0,0,0,0,0,0,0,0,0,0,0,0,0,0,0,0,0,0,0,0,0,0,0,0,0,0,0,0,0,0,0,0,0,0,0,0,0,0,0,0,0,0,0,0,0,0,0,0,0,0,0,0,0,0,0,0,0,0,0,0,0,0,0,0,0,0,0,0,0,0,0,0,0,0,0,0,0,0,0,0,0,0,0,0,0,0,0,0,0,0,0,0,0,0,0,0,0,0,0,0,0,0,0,0,0,0,0,0,0,0,0,0,0,0,0,0,0,0,0,0,0,0
OTU44,Chlorophyta,0,0,0,0,0,0,0,0,0,3,4,3,0,0,0,0,0,0,0,0,0,0,0,0,0,0,0,0,0,0,0,0,0,0,0,0,0,0,0,0,0,0,0,0,0,0,0,0,0,0,0,0,0,0,0,0,0,0,0,0,0,0,0,0,0,0,0,0,0,0,0,0,0,0,0,0,0,0,0,0,0,0,0,0,0,0,0,0,0,0,0,0,0,0,0,0,1,0,2,0,0,0,0,0,0,0,0,0,0,0,0,0,1,0,0,0,4,0,1,0,0,0,0,0,0,0,0,0,0,0,0,0,1,0,0,0,0,0,0,0,0,0,0,0,0,0,0,0,0,0,0,0,0,0,0,0,0,0,0,0,0,0,0,0,0,0,0,0,0,0,0,0,0,0,0,0,0,0,0,0,0,0,0,0,0,0,0,0,0,0,0,0,0,0,0,0,0,0,0,0,0,0,0,0,0,0,0,0,0,0,0,0,0,0,0,0,0,0,0,0,0,0,0,0,0,0,0,0,0,0,0,0,0,0,0,0,0,0,0,0,0,0,0,0,0,0,0,0,0,0,0,0,0,0,0,0,0,0,0,0,0,0,0,0,0,0,0,0,0,0,0,0,0,0,0,0,0,0,0,0,0,0,0,0,0,0,0,0,0,0,0,0,0,0,0,0,0,0,0,0,0,0,0,0,0,0,0,0,0,0,0,0,0,0,0,0,0,0,0,0,0,0,0,0,0,0,0,0,0,0,0,0,0,0,0,0,0,0
OTU45,Chordata,0,0,0,0,0,0,0,0,1,4,1,4,0,0,0,0,0,0,0,0,0,0,0,0,0,0,0,0,0,0,0,0,0,0,0,0,0,0,0,0,0,0,0,0,0,0,0,0,0,0,0,0,0,0,0,0,0,0,0,0,0,0,0,0,0,0,0,0,0,0,0,0,0,0,0,0,0,0,0,0,0,0,0,0,0,1,1,0,0,0,0,0,0,0,0,0,0,0,0,0,0,0,0,0,0,0,0,0,0,0,0,0,0,0,0,0,0,0,0,0,0,0,0,0,0,0,0,0,0,0,0,0,0,0,0,0,0,0,0,0,0,0,0,0,0,0,0,0,0,0,0,0,0,0,0,0,0,0,0,0,0,0,0,0,0,0,0,0,0,0,0,0,0,0,0,0,0,0,0,0,0,0,0,0,0,0,1,0,0,0,0,0,0,0,0,2,0,0,0,0,0,0,1,0,0,0,1,0,0,0,1,0,0,0,0,0,0,0,0,0,0,0,0,0,0,0,0,0,0,0,0,0,0,0,0,0,0,0,0,0,0,0,0,0,0,0,0,0,0,0,0,0,0,0,0,0,0,0,0,0,0,0,0,0,0,0,0,0,0,0,0,0,0,0,0,0,0,0,0,0,0,0,0,0,0,0,0,0,0,0,0,0,0,0,0,0,0,0,0,0,0,0,0,0,0,0,0,0,0,0,0,0,0,0,0,0,0,0,0,0,0,0,0,0,0,0,0,0,0,0,0,0,0,0,0,0,0,0
OTU46,Chytridiomycota,0,0,0,0,0,0,0,1,0,7,9,7,0,0,0,0,0,0,0,0,0,0,0,0,0,0,0,0,0,0,0,0,0,0,0,0,0,0,0,0,0,0,0,0,0,0,0,0,0,0,0,0,0,0,0,0,0,0,0,0,0,0,0,0,0,0,0,0,0,0,0,0,0,0,0,0,0,0,0,0,0,0,0,0,0,0,0,0,0,0,0,0,0,0,0,0,0,0,0,0,0,0,0,0,0,0,0,0,0,0,0,0,0,0,0,0,0,0,0,0,0,0,0,0,0,0,0,0,0,0,0,0,0,0,0,0,0,0,0,0,0,0,0,0,0,0,0,0,0,0,0,0,0,0,0,0,0,0,0,0,0,0,0,0,0,0,0,0,0,0,0,0,0,0,0,0,0,0,0,0,0,0,0,0,0,0,0,0,0,0,0,0,0,0,0,0,0,0,0,0,0,0,0,0,0,0,0,0,0,0,0,0,0,0,0,0,0,0,0,0,0,0,0,0,0,0,0,0,0,0,0,0,0,0,0,0,0,0,0,0,0,0,0,0,0,0,0,0,0,0,0,0,0,0,0,0,0,0,0,0,0,0,0,0,0,0,0,0,0,0,0,0,0,0,0,0,0,0,0,0,0,0,0,0,0,0,0,0,0,0,0,0,0,0,0,0,0,0,0,0,0,0,0,0,0,0,0,0,0,0,0,0,0,0,0,0,0,0,0,0,0,0,0,0,0,0,0,0,0,0,0,0,0,0,0,0,0,0
OTU47,Cnidaria,0,0,0,0,0,0,1,0,0,1,1,1,0,0,0,0,0,0,0,0,0,0,0,0,0,0,0,0,0,0,0,0,0,0,0,0,0,0,0,0,0,0,0,0,0,0,0,0,0,0,0,0,0,0,0,0,0,0,0,0,0,0,0,0,0,0,0,0,0,0,0,0,0,0,0,0,0,0,0,0,0,0,0,0,0,0,0,0,0,0,0,0,0,0,0,0,0,0,0,0,0,0,0,0,0,0,0,0,0,0,0,0,0,0,0,0,0,0,0,0,0,0,0,0,0,0,0,0,0,0,0,0,0,0,0,0,0,0,0,0,0,0,0,0,0,0,0,0,0,0,0,0,0,0,0,0,0,0,0,0,0,0,0,0,0,0,0,0,0,0,0,0,0,0,0,0,0,0,0,0,0,0,0,0,0,0,0,0,0,0,0,0,0,0,0,0,0,0,0,0,0,0,0,0,0,0,0,0,0,0,0,0,0,0,0,0,0,0,0,0,0,0,0,0,0,0,0,0,0,0,0,0,0,0,0,0,0,0,0,0,0,0,0,0,0,0,0,0,0,0,0,0,0,0,0,0,0,0,0,0,0,0,0,0,0,0,0,0,0,0,0,0,0,0,0,0,0,0,0,0,0,0,0,0,0,0,0,0,0,0,0,0,0,0,0,0,0,0,0,0,0,0,0,0,0,0,0,0,0,0,0,0,0,0,0,0,0,0,0,0,0,0,0,0,0,0,0,0,0,0,0,0,0,0,0,0,0,0
OTU48,Colponemidia,0,0,0,0,0,0,1,1,0,0,0,0,0,0,0,0,0,0,0,0,0,0,0,0,0,0,0,0,0,0,0,0,0,0,0,0,0,0,0,0,0,0,0,0,0,0,0,0,0,0,0,0,0,0,0,0,0,0,0,0,0,0,0,0,0,0,0,0,0,0,0,0,0,0,0,0,0,0,0,0,0,0,0,0,0,0,0,0,0,0,0,0,0,0,0,0,0,0,0,0,0,0,0,0,0,0,0,0,0,0,0,0,0,0,0,0,0,0,0,0,0,0,0,0,0,0,0,0,0,0,0,0,0,0,0,0,0,0,0,0,0,0,0,0,0,0,0,0,0,0,0,0,0,0,0,0,0,0,0,0,0,0,0,0,0,0,0,0,0,0,0,0,0,0,0,0,0,0,0,0,0,0,0,0,0,0,0,0,0,0,0,0,0,0,0,0,0,0,0,0,0,0,0,0,0,0,0,0,0,0,0,0,0,0,0,0,0,0,0,0,0,0,0,0,0,0,0,0,0,0,0,0,0,0,0,0,0,0,0,0,0,0,0,0,0,0,0,0,0,0,0,0,0,0,0,0,0,0,0,0,0,0,0,0,0,0,0,0,0,0,0,0,0,0,0,0,0,0,0,0,0,0,0,0,0,0,0,0,0,0,0,0,0,0,0,0,0,0,0,0,0,0,0,0,0,0,0,0,0,0,0,0,0,0,0,0,0,0,0,0,0,0,0,0,0,0,0,0,0,0,0,0,0,0,0,0,0,0
OTU49,Cryptomycota,0,0,0,0,0,0,8,16,15,5,17,10,1,0,1,0,0,0,0,0,0,0,0,0,0,0,0,0,0,0,0,0,0,0,0,0,0,0,0,0,0,0,0,0,1,0,0,0,4,0,2,0,0,0,0,0,0,0,0,0,0,0,0,0,0,0,0,0,0,0,0,0,0,0,0,0,0,0,0,0,0,0,0,0,0,0,0,0,0,2,0,0,0,0,0,0,0,0,0,0,0,0,0,0,0,0,0,0,0,0,0,0,1,0,0,0,1,0,3,0,0,0,0,0,0,0,0,0,0,0,0,0,0,0,0,0,0,0,0,0,0,0,0,0,0,0,0,0,0,0,0,0,0,0,2,0,0,0,0,0,0,0,2,0,0,0,0,0,0,0,0,0,0,0,0,0,0,0,0,0,0,0,2,0,1,6,0,0,1,0,1,0,3,0,0,2,0,0,2,3,0,0,0,0,0,0,0,0,0,0,0,0,0,0,1,2,0,0,1,0,0,0,0,2,0,0,0,0,0,0,0,0,0,0,0,0,0,0,0,0,0,0,0,0,0,0,0,0,0,0,0,0,0,0,0,0,0,0,0,0,0,0,0,0,0,0,0,0,0,0,0,0,0,0,0,0,0,0,0,0,0,0,0,0,0,0,0,0,0,0,0,0,0,0,0,0,0,0,0,0,0,0,0,0,0,0,0,0,0,0,0,0,0,0,0,0,0,0,0,0,0,0,0,0,0,0,0,0,0,0,0,0,0,0,0,0,0,0
OTU50,Euglenida,0,0,0,0,0,0,7,6,12,0,0,0,0,0,0,0,0,0,0,0,0,0,0,0,0,0,0,0,0,0,0,0,0,0,0,0,0,0,0,0,0,0,0,0,0,0,0,0,0,0,0,0,0,0,0,0,0,0,0,0,0,0,0,0,0,0,0,0,0,0,0,0,0,0,0,0,0,0,0,0,0,0,0,0,0,0,0,0,0,0,0,0,0,0,0,0,0,1,0,0,0,0,0,0,0,0,0,0,0,0,0,0,0,0,0,0,0,0,0,0,0,0,0,0,0,0,0,0,0,0,0,0,1,2,0,0,0,0,0,0,0,0,0,0,0,0,0,0,0,0,1,0,0,0,0,0,0,0,0,0,0,0,0,0,0,0,0,0,0,0,0,0,0,0,0,0,0,0,0,0,0,0,0,0,0,0,0,0,0,0,0,0,0,0,0,0,2,0,5,1,0,0,0,0,0,0,0,0,0,0,0,0,0,0,1,0,0,0,0,0,0,0,0,0,0,0,0,0,0,0,0,0,0,0,0,0,0,0,0,0,0,0,0,0,0,0,0,0,0,0,0,0,0,0,0,0,0,0,0,0,0,0,0,0,0,0,0,0,0,0,0,0,0,0,0,0,0,0,0,0,0,0,0,0,0,0,0,0,0,0,0,0,0,0,0,0,0,0,0,0,0,0,0,0,0,0,0,0,0,0,0,0,0,0,0,0,0,0,0,0,0,0,0,0,0,0,0,0,0,0,0,0,0,0,0,0,0,0
OTU51,Mollusca,0,0,0,0,0,0,0,0,0,1,0,0,1,0,0,0,0,0,0,0,0,0,0,0,0,0,0,0,0,0,0,0,0,0,0,0,0,0,0,0,1,0,0,0,0,0,0,0,0,0,0,0,0,0,0,0,0,0,0,0,0,0,0,0,0,0,1,0,0,0,0,0,0,0,0,0,0,0,1,0,0,0,0,0,0,0,0,0,0,0,0,0,0,0,0,0,0,0,0,0,0,0,0,0,0,0,0,0,0,1,0,0,4,0,3,0,7,0,5,0,2,0,5,0,0,0,0,0,0,0,0,0,0,0,0,0,0,0,0,0,0,0,0,0,0,0,0,0,3,1,1,0,2,1,1,0,2,0,2,0,0,0,0,0,0,0,0,0,0,0,0,0,0,0,0,0,0,0,0,0,0,0,0,0,0,0,0,0,0,0,0,0,0,0,0,0,0,0,0,0,0,0,0,0,0,0,0,0,0,0,0,0,0,0,0,0,0,0,0,0,0,0,0,0,0,0,0,0,0,0,0,0,0,0,0,0,0,0,0,0,0,0,0,0,0,0,0,0,0,0,0,0,0,0,0,0,0,0,0,0,0,0,0,0,0,0,0,0,0,0,0,0,0,0,0,0,0,0,0,0,0,0,0,0,0,0,0,0,0,0,0,0,0,0,0,0,0,0,0,0,0,0,0,0,0,0,0,0,0,0,0,0,0,0,0,0,0,0,0,0,0,0,0,0,0,0,0,0,0,0,0,0,0,0,0,0,0,0
OTU52,Mucoromycota,0,0,0,0,0,0,0,0,1,3,1,0,0,0,1,0,0,0,0,0,0,0,0,0,0,0,0,0,0,0,0,0,0,0,0,0,0,0,0,0,1,0,0,0,0,0,0,0,0,0,0,0,0,0,0,0,0,0,0,0,0,0,0,0,0,0,0,0,0,0,0,0,0,0,0,0,0,0,0,0,0,0,0,0,0,0,0,0,0,0,0,0,0,0,0,0,0,0,0,0,0,0,0,0,0,0,0,0,0,0,0,0,0,0,0,0,0,0,0,0,0,0,0,0,0,0,0,0,0,0,0,0,0,0,0,0,0,0,0,0,0,0,0,0,0,0,0,0,0,0,0,0,0,0,0,0,0,0,0,0,0,0,0,0,0,0,0,0,0,0,0,0,0,0,0,0,0,0,0,0,0,0,0,0,0,0,0,0,0,0,0,0,0,0,0,0,0,0,0,0,0,0,0,0,0,0,0,0,0,0,0,0,0,0,0,0,0,0,0,0,0,0,0,0,0,0,0,0,0,0,0,0,0,0,0,0,0,0,0,0,0,0,0,0,0,0,0,0,0,0,0,0,0,0,0,0,0,0,0,0,0,0,0,0,0,0,0,0,0,0,0,0,0,0,0,0,0,0,0,0,0,0,0,0,0,0,0,0,0,0,0,0,0,0,0,0,0,0,0,0,0,0,0,0,0,0,0,0,0,0,0,0,0,0,0,0,0,0,0,0,0,0,0,0,0,0,0,0,0,0,0,0,0,0,0,0,0,0
OTU53,Nematoda,0,0,0,0,0,0,1,0,0,11,15,8,6,0,9,0,8,0,3,0,2,0,4,0,1,0,1,0,0,0,1,0,0,0,0,0,0,0,0,1,0,0,0,0,1,1,0,0,24,0,13,0,3,0,10,0,3,0,3,0,1,0,3,0,1,0,0,0,0,0,0,2,0,1,0,1,0,0,1,1,2,0,1,0,0,0,0,0,2,0,0,0,7,0,3,0,0,0,4,0,5,2,4,0,1,1,0,0,0,0,1,1,0,12,5,5,3,4,6,2,3,7,3,0,1,0,3,0,0,0,6,0,1,0,1,0,7,0,2,0,5,0,0,2,1,3,0,4,0,26,2,27,0,14,3,4,3,8,1,8,0,3,1,0,0,0,0,0,0,0,0,0,0,0,0,0,0,0,0,0,0,0,1,0,0,0,2,0,0,3,0,0,0,0,0,0,0,2,0,0,0,3,0,0,0,0,0,0,0,0,0,0,0,0,0,0,2,0,0,0,0,0,0,0,0,0,0,0,0,0,0,0,0,0,0,0,0,0,0,0,0,0,0,0,0,0,0,0,0,0,0,0,0,0,0,0,0,0,0,0,0,0,0,0,0,0,0,0,0,0,0,0,0,0,0,0,0,0,0,0,0,0,0,0,0,0,0,0,0,0,0,0,0,0,0,0,0,0,0,0,0,0,0,0,0,0,0,0,0,0,0,0,0,0,0,0,0,0,0,0,0,0,0,0,0,0,0,0,0,0,0,0,0,0,0,0,0,0
OTU54,Phaeophyceae,0,0,0,0,0,0,0,0,0,1,0,0,0,0,0,0,0,0,0,0,0,0,0,0,0,0,0,0,0,0,0,0,0,0,0,0,0,0,0,0,0,0,0,0,0,0,0,0,0,0,0,0,0,0,0,0,0,0,0,0,0,0,0,0,0,0,0,0,0,0,0,0,0,0,0,0,0,0,0,0,0,0,0,0,0,0,0,0,0,0,0,0,0,0,0,0,0,0,0,0,0,0,0,0,0,0,0,0,0,0,0,0,0,0,0,0,0,0,0,0,0,0,1,0,0,0,0,0,0,0,0,0,0,0,0,0,0,0,0,0,0,0,0,0,0,0,0,0,0,0,0,0,0,0,0,0,0,0,0,0,0,0,0,0,0,0,0,0,0,0,0,0,0,0,0,0,0,0,0,0,0,0,0,0,0,0,0,0,0,0,0,0,0,0,0,0,0,0,0,0,0,0,0,0,0,0,0,0,0,0,0,0,0,0,0,0,0,0,0,0,0,0,0,0,0,0,0,0,0,0,0,0,0,0,0,0,0,0,0,0,0,0,0,0,0,0,0,0,0,0,0,0,0,0,0,0,0,0,0,0,0,0,0,0,0,0,0,0,0,0,0,0,0,0,0,0,0,0,0,0,0,0,0,0,0,0,0,0,0,0,0,0,0,0,0,0,0,0,0,0,0,0,0,0,0,0,0,0,0,0,0,0,0,0,0,0,0,0,0,0,0,0,0,0,0,0,0,0,0,0,0,0,0,0,0,0,0,0
OTU55,Platyhelminthes,0,0,0,0,0,0,0,0,0,0,1,0,0,0,0,0,0,0,0,0,0,0,0,0,0,0,0,0,0,0,0,0,0,0,0,0,0,0,0,0,0,0,0,0,0,0,0,0,0,0,0,0,0,0,0,0,0,0,0,0,0,0,0,0,0,0,0,0,1,0,0,0,0,0,0,0,0,0,0,0,0,0,0,0,0,0,0,0,0,0,0,0,0,0,0,0,1,0,0,0,0,0,0,0,0,0,1,0,0,0,1,0,0,0,0,0,0,0,0,0,0,0,0,0,0,0,0,0,0,0,0,0,0,0,0,0,0,0,0,0,0,0,0,0,0,0,0,0,0,0,0,0,0,0,0,0,0,0,0,0,0,0,0,0,0,0,0,0,0,0,0,0,0,0,0,0,0,0,0,0,0,0,0,0,0,0,0,0,0,0,0,0,0,0,0,0,0,0,0,0,0,0,0,0,0,0,0,0,0,0,0,0,0,0,0,0,0,0,0,0,0,0,0,0,0,0,0,0,0,0,0,0,0,0,0,0,0,0,0,0,0,0,0,0,0,0,0,0,0,0,0,0,0,0,0,0,0,0,0,0,0,0,0,0,0,0,0,0,0,0,0,0,0,0,0,0,0,0,0,0,0,0,0,0,0,0,0,0,0,0,0,0,0,0,0,0,0,0,0,0,0,0,0,0,0,0,0,0,0,0,0,0,0,0,0,0,0,0,0,0,0,0,0,0,0,0,0,0,0,0,0,0,0,0,0,0,0,0
OTU56,Porifera,0,0,0,0,0,0,0,0,0,2,0,1,0,0,0,0,0,0,0,0,0,0,0,0,0,0,0,0,0,0,0,0,0,0,0,0,0,0,0,0,0,0,0,0,0,0,0,0,0,0,0,0,0,0,0,0,0,0,0,0,0,0,0,0,0,0,0,0,0,0,0,0,0,0,0,0,0,0,0,0,0,0,0,0,0,0,0,0,0,0,0,0,0,0,0,0,0,0,0,0,0,0,0,0,0,0,0,0,0,0,0,0,0,0,0,0,0,0,0,0,0,0,0,0,0,0,0,0,0,0,0,0,0,0,0,0,0,0,0,0,0,0,0,0,0,0,0,0,0,0,0,0,0,0,0,0,0,0,0,0,0,0,0,0,0,0,0,0,0,0,0,0,0,0,0,0,0,0,0,0,0,0,0,0,0,0,0,0,0,0,0,0,0,0,0,0,0,0,0,0,0,0,0,0,0,0,0,0,0,0,0,0,0,0,0,0,0,0,0,0,0,0,0,0,0,0,0,0,0,0,0,0,0,0,0,0,0,0,0,0,0,0,0,0,0,0,0,0,0,0,0,0,0,0,0,0,0,0,0,0,0,0,0,0,0,0,0,0,0,0,0,0,0,0,0,0,0,0,0,0,0,0,0,0,0,0,0,0,0,0,0,0,0,0,0,0,0,0,0,0,0,0,0,0,0,0,0,0,0,0,0,0,0,0,0,0,0,0,0,0,0,0,0,0,0,0,0,0,0,0,0,0,0,0,0,0,0,0
OTU57,Tardigrada,0,0,0,0,0,0,0,0,0,41,35,29,0,0,0,0,3,0,0,0,0,0,0,0,1,0,0,0,0,0,0,0,0,0,0,0,0,0,0,0,0,0,1,0,0,0,0,0,0,0,0,0,0,0,0,0,0,0,0,0,0,0,0,0,0,0,0,0,0,0,0,0,0,0,1,0,0,0,0,0,0,0,0,0,0,0,0,0,0,0,0,0,0,0,0,0,0,0,0,0,0,0,0,0,0,0,1,0,0,0,0,0,0,0,0,0,0,0,1,0,0,0,0,0,0,0,0,0,0,0,0,0,0,0,0,0,0,0,0,0,0,0,0,0,0,0,0,0,0,0,0,0,1,0,0,0,0,0,1,0,0,0,0,1,0,0,0,0,0,0,0,0,0,0,0,0,0,0,0,0,0,0,0,0,0,0,0,0,0,0,0,0,0,0,0,0,0,0,0,0,0,0,0,0,0,0,0,0,0,0,0,0,0,0,0,0,0,0,0,0,0,0,0,0,0,0,0,0,0,0,0,0,0,0,0,0,0,0,0,0,0,0,0,0,0,0,0,0,0,0,0,0,0,0,0,0,0,0,0,0,0,0,0,0,0,0,0,0,0,0,0,0,0,0,0,0,0,0,0,0,0,0,0,0,0,0,0,0,0,0,0,0,0,0,0,0,0,0,0,0,0,0,0,0,0,0,0,0,0,0,0,0,0,0,0,0,0,0,0,0,0,0,0,0,0,0,0,0,0,0,0,0,0,0,0,0,0,0
OTU58,Xenacoelomorpha,0,0,0,0,0,0,0,1,0,1,0,0,0,0,0,0,0,0,0,0,0,0,0,0,0,0,0,0,0,0,0,0,0,0,0,0,0,0,0,0,0,0,0,0,0,0,0,0,0,0,0,0,0,0,0,0,0,0,0,0,0,0,0,0,0,0,0,0,0,0,0,0,0,0,0,0,0,0,0,0,0,0,0,0,0,0,0,0,0,0,0,0,0,0,0,0,0,0,0,0,0,0,0,0,0,0,0,0,0,0,0,0,0,0,0,0,0,0,0,0,0,0,0,0,0,0,0,0,0,0,0,0,0,0,0,0,0,0,0,0,0,0,0,0,0,0,0,0,0,0,0,0,0,0,0,0,0,0,0,0,0,0,0,0,0,0,0,0,0,0,0,0,0,0,0,0,0,0,0,0,0,0,0,0,0,0,0,0,0,0,0,0,0,0,0,0,0,0,0,0,0,0,0,0,0,0,0,0,0,0,0,0,0,0,0,0,0,0,0,0,0,0,0,0,0,0,0,0,0,0,0,0,0,0,0,0,0,0,0,0,0,0,0,0,0,0,0,0,0,0,0,0,0,0,0,0,0,0,0,0,0,0,0,0,0,0,0,0,0,0,0,0,0,0,0,0,0,0,0,0,0,0,0,0,0,0,0,0,0,0,0,0,0,0,0,0,0,0,0,0,0,0,0,0,0,0,0,0,0,0,0,0,0,0,0,0,0,0,0,0,0,0,0,0,0,0,0,0,0,0,0,0,0,0,0,0,0,0
OTU59,Aquificae,0,0,0,0,0,0,0,0,0,0,0,0,0,0,0,0,0,0,0,0,0,0,0,0,0,0,0,0,0,0,0,0,0,0,0,0,0,0,0,0,0,0,0,0,0,0,0,0,0,0,0,0,0,0,0,0,0,0,0,0,0,0,0,0,0,0,0,0,0,0,0,0,0,0,0,0,0,0,0,0,0,0,0,0,0,0,0,0,0,0,0,0,0,0,0,0,0,0,0,0,0,0,0,0,0,0,0,0,0,0,0,0,0,0,0,0,0,0,0,0,0,0,0,0,0,0,0,0,0,0,0,0,0,0,0,0,0,0,0,0,0,0,0,0,0,0,0,0,0,0,0,0,0,0,0,0,0,0,0,1,0,0,0,0,0,0,0,0,0,0,0,0,0,0,0,0,0,0,0,0,0,0,0,0,0,0,0,0,0,0,0,0,0,0,0,0,0,0,0,0,0,0,0,0,0,0,0,0,0,0,0,0,0,0,0,0,0,0,0,0,0,0,0,0,0,0,0,0,0,0,0,0,0,0,0,0,0,0,0,0,0,0,0,0,0,0,0,0,0,0,0,0,0,0,0,0,0,0,0,0,0,0,0,0,0,0,0,0,0,0,0,0,0,0,0,0,0,0,0,0,0,0,0,0,0,0,0,0,0,0,0,0,0,0,0,0,0,0,0,0,0,0,0,0,0,0,0,0,0,0,0,0,0,0,0,0,0,0,0,0,0,0,0,0,0,0,0,0,0,0,0,0,0,0,0,0,0,0
OTU60,Chrysiogenetes,0,0,0,0,0,0,0,0,0,0,0,0,0,0,1,0,0,0,0,0,0,0,0,0,0,0,0,0,0,0,0,0,0,0,0,0,0,0,0,0,0,0,0,0,0,0,0,0,0,0,0,0,0,0,0,0,0,0,0,0,0,0,0,0,0,0,0,0,0,0,0,0,0,0,0,0,0,0,0,0,0,0,0,0,0,0,0,0,0,0,0,0,0,0,0,0,0,0,0,0,0,0,0,0,0,0,0,0,0,0,0,0,0,0,0,0,0,0,0,0,0,0,0,0,0,0,0,0,0,0,0,0,0,0,0,0,0,0,0,0,0,0,0,0,0,0,0,0,0,0,0,0,0,0,0,0,0,0,0,0,0,0,0,0,0,0,0,0,0,0,0,0,0,0,0,0,0,0,0,0,0,0,0,0,0,0,0,0,0,0,0,0,0,0,0,0,0,0,0,0,0,0,0,0,0,0,0,0,0,0,0,0,0,0,0,0,0,0,0,0,0,0,0,0,0,0,0,0,0,0,0,0,0,0,0,0,0,0,0,0,0,0,0,0,0,0,0,0,0,0,0,0,0,0,0,0,0,0,0,0,0,0,0,0,0,0,0,0,0,0,0,0,0,0,0,0,0,0,0,0,0,0,0,0,0,0,0,0,0,0,0,0,0,0,0,0,0,0,0,0,0,0,0,0,0,0,0,0,0,0,0,0,0,0,0,0,0,0,0,0,0,0,0,0,0,0,0,0,0,0,0,0,0,0,0,0,0,0
OTU61,Deferribacteres,0,0,0,0,0,0,0,0,0,0,0,0,0,0,0,0,0,0,0,0,0,0,0,0,0,0,0,0,1,0,0,0,0,0,0,0,0,0,0,0,0,0,0,0,0,0,0,0,0,0,0,0,0,0,0,0,0,0,0,0,0,0,0,0,0,0,0,0,0,0,0,0,0,0,0,0,0,0,0,0,0,0,0,0,0,0,0,0,0,0,0,0,0,0,0,0,0,0,0,0,0,0,0,0,0,0,0,0,0,0,0,0,0,0,0,0,0,0,0,0,0,0,0,0,0,0,0,0,0,0,0,0,0,0,0,0,0,0,0,0,0,0,0,0,0,0,0,0,0,0,0,0,0,0,0,0,0,0,0,0,0,0,1,3,0,0,0,0,0,0,0,0,0,0,0,0,0,0,0,0,0,0,0,0,0,0,0,0,0,0,0,0,0,0,0,0,0,0,0,0,0,0,0,0,0,0,0,0,0,0,0,0,0,0,0,0,0,0,0,0,0,0,0,0,0,0,0,0,0,1,1,0,0,1,0,0,0,0,0,0,0,1,0,0,1,0,0,0,0,0,0,0,0,0,1,0,1,0,0,0,0,0,0,0,0,0,0,0,0,0,0,0,1,0,0,0,0,0,4,1,0,0,0,0,1,0,0,0,0,0,0,0,0,1,0,0,0,1,0,0,0,0,0,0,0,1,0,0,0,0,0,2,0,0,0,0,0,0,6,0,0,0,0,0,0,0,0,0,0,0,0,0,1,0,0,0,1,1
OTU62,Lentisphaerae,0,0,0,0,0,0,0,0,0,0,0,0,2,17,0,12,3,6,2,0,0,2,2,0,0,2,0,0,0,0,0,2,0,1,0,4,0,3,0,0,0,6,0,4,1,1,0,0,10,15,10,24,7,25,2,6,3,4,2,5,1,4,0,5,2,7,4,1,0,1,5,8,2,9,1,4,0,8,2,15,2,7,0,14,0,0,0,0,0,4,1,7,4,6,1,3,1,0,0,1,1,2,5,1,0,0,1,0,0,3,0,4,0,4,0,5,0,3,0,1,1,11,0,4,0,3,0,2,0,6,0,0,0,1,0,1,0,1,0,2,0,3,0,1,0,4,0,6,0,3,0,0,0,0,0,1,0,3,0,1,0,0,0,0,0,0,0,0,0,0,0,0,0,0,0,0,0,0,0,0,0,0,0,1,0,0,1,2,1,0,0,0,2,1,6,0,0,0,0,0,0,0,0,0,0,0,0,0,0,0,0,0,0,0,0,0,0,0,0,0,0,0,0,0,0,0,0,0,9,9,7,3,2,0,1,1,0,0,0,5,0,0,0,0,5,1,0,0,0,0,0,0,0,0,0,0,0,0,0,1,0,0,0,0,5,1,1,0,9,7,17,9,9,7,1,0,1,0,14,21,14,36,11,48,61,66,46,50,0,1,2,0,5,2,3,7,4,21,17,4,4,8,12,10,5,21,18,6,9,6,0,9,11,7,12,31,24,9,10,10,37,4,0,7,13,3,7,7,74,51,4,4,7,0,7,2,2,4
OTU63,Thermodesulfobacteria,0,0,0,0,0,0,0,0,0,0,0,0,0,0,0,0,1,0,0,0,0,1,0,0,0,0,0,0,1,0,0,1,0,0,0,0,0,0,0,0,0,0,0,0,0,0,0,0,1,0,0,0,1,0,0,0,0,0,1,0,0,0,0,0,0,0,0,0,0,0,0,0,0,0,0,0,0,0,0,0,0,0,0,0,0,0,0,0,0,0,0,0,0,0,0,0,0,0,0,0,0,0,0,0,0,0,0,0,0,0,0,0,0,0,0,0,0,0,0,0,0,0,0,0,0,0,0,0,0,0,0,0,0,0,0,0,0,0,0,0,0,0,0,0,0,0,0,0,0,0,0,0,0,0,0,0,0,0,0,0,0,0,0,0,0,0,0,0,0,0,0,0,0,0,0,0,0,0,0,0,0,0,0,0,0,0,0,0,0,0,0,0,0,0,0,0,0,0,0,0,0,0,0,0,0,0,0,0,0,0,0,0,0,0,0,0,0,0,0,0,0,0,0,0,0,0,0,0,0,0,0,0,0,0,0,0,0,0,0,0,0,0,0,0,0,0,0,0,0,0,0,0,0,0,0,0,0,0,0,0,0,0,0,0,0,0,0,0,0,0,0,0,0,0,0,0,0,0,0,0,0,0,0,0,0,0,0,0,0,0,0,0,0,0,0,0,0,0,0,0,0,0,0,0,0,0,0,0,0,0,0,0,0,0,0,0,0,0,0,0,0,0,0,0,0,0,0,0,0,0,0,0,0,0,0,0,0,0
OTU64,Brachiopoda,0,0,0,0,0,0,0,0,0,0,0,0,0,0,0,0,0,0,0,0,0,0,0,0,0,0,0,0,0,0,0,0,0,0,0,0,0,1,0,0,0,0,0,0,0,0,0,0,0,0,0,0,0,0,0,0,0,0,0,0,0,0,0,0,0,0,0,0,0,0,0,0,0,0,0,0,0,0,0,0,0,0,0,0,0,0,0,0,0,0,0,0,0,0,0,0,0,0,0,0,0,0,0,0,0,0,0,0,0,0,0,0,0,0,0,0,0,0,0,0,0,0,0,0,0,0,0,0,0,0,0,0,0,0,0,0,0,0,0,0,0,0,0,0,0,0,0,0,0,0,0,0,0,0,0,0,0,0,0,0,0,0,0,0,0,0,0,0,0,0,0,0,0,0,0,0,0,0,0,0,0,0,0,0,0,0,0,0,0,0,0,0,0,0,0,0,0,0,0,0,0,0,0,0,0,0,0,0,0,0,0,0,0,0,0,0,0,0,0,0,0,0,0,0,0,0,0,0,0,0,0,0,0,0,0,0,0,0,0,0,0,0,0,0,0,0,0,0,0,0,0,0,0,0,0,0,0,0,0,0,0,0,0,0,0,0,0,0,0,0,0,0,0,0,0,0,0,0,0,0,0,0,0,0,0,0,0,0,0,0,0,0,0,0,0,0,0,0,0,0,0,0,0,0,0,0,0,0,0,0,0,0,0,0,0,0,0,0,0,0,0,0,0,0,0,0,0,0,0,0,0,0,0,0,0,0,0,0
OTU65,Echinodermata,0,0,0,0,0,0,0,0,0,0,0,0,0,0,0,0,0,0,0,0,0,0,0,0,0,0,0,0,0,0,0,0,0,0,0,0,0,0,0,0,0,0,0,0,0,0,0,0,0,0,0,0,0,0,0,0,0,0,0,0,0,0,0,0,0,0,0,0,0,0,0,0,0,0,0,0,0,0,0,0,0,0,0,0,0,0,0,0,0,0,0,0,0,0,0,0,0,0,0,0,0,0,0,0,0,0,0,0,0,0,0,0,1,0,0,0,0,0,0,0,0,0,0,0,0,0,0,0,0,0,0,0,0,0,0,0,0,0,0,0,0,0,0,0,0,0,0,0,0,0,0,0,0,0,0,0,0,0,0,0,0,0,0,0,0,0,0,0,0,0,0,0,0,0,0,0,0,0,0,0,0,0,0,0,0,0,0,0,0,0,0,0,0,0,0,0,0,0,0,0,0,0,0,0,0,0,0,0,0,0,0,0,0,0,0,0,0,0,0,0,0,0,0,0,0,0,0,0,0,0,0,0,0,0,0,0,0,0,0,0,0,0,0,0,0,0,0,0,0,0,0,0,0,0,0,0,0,0,0,0,0,0,0,0,0,0,0,0,0,0,0,0,0,0,0,0,0,0,0,0,0,0,0,0,0,0,0,0,0,0,0,0,0,0,0,0,0,0,0,0,0,0,0,0,0,0,0,0,0,0,0,0,0,0,0,0,0,0,0,0,0,0,0,0,0,0,0,0,0,0,0,0,0,0,0,0,0,0
OTU66,Haplosporidia,0,0,0,0,0,0,0,0,0,0,0,0,0,0,0,0,0,0,0,0,0,0,0,0,0,0,0,0,0,0,0,0,0,0,0,0,0,0,0,0,0,0,0,0,0,0,0,0,0,0,0,0,0,0,0,0,0,0,0,0,0,0,0,0,0,0,0,0,0,0,0,0,0,0,0,0,0,0,0,0,0,0,0,0,0,0,0,0,0,0,0,0,0,0,0,0,0,0,0,0,0,0,0,0,0,0,0,0,0,0,0,0,0,1,0,0,0,0,0,0,0,0,0,0,0,0,0,0,0,0,0,0,0,0,0,0,0,0,0,0,0,0,0,0,0,0,0,0,0,0,0,0,0,0,0,0,0,0,0,0,0,0,0,0,0,0,0,0,0,0,0,0,0,0,0,0,0,0,0,0,0,0,0,0,0,0,0,0,0,0,0,0,0,0,0,0,0,0,0,0,0,0,0,0,0,0,0,0,0,0,0,0,0,0,0,0,0,0,0,0,0,0,0,0,0,0,0,0,0,0,0,0,0,0,0,0,0,0,0,0,0,0,0,0,0,0,0,0,0,0,0,0,0,0,0,0,0,0,0,0,0,0,0,0,0,0,0,0,0,0,0,0,0,0,0,0,0,0,0,0,0,0,0,0,0,0,0,0,0,0,0,0,0,0,0,0,0,0,0,0,0,0,0,0,0,0,0,0,0,0,0,0,0,0,0,0,0,0,0,0,0,0,0,0,0,0,0,0,0,0,0,0,0,0,0,0,0,0
OTU67,Picozoa,0,0,0,0,0,0,0,0,0,0,0,0,0,0,0,0,0,0,0,0,0,0,0,0,0,0,0,0,0,0,0,1,0,0,0,0,0,0,0,0,0,0,0,0,0,0,0,0,0,0,0,0,0,0,0,0,0,0,0,0,0,0,0,0,0,0,0,0,0,0,0,0,0,0,0,0,0,0,0,0,0,0,0,0,0,0,0,0,0,0,0,0,0,0,0,0,0,0,0,0,0,0,0,0,0,0,0,0,0,0,0,0,0,0,0,0,0,0,0,0,0,0,0,0,0,0,0,0,0,0,0,0,0,0,0,0,0,0,0,0,0,0,0,0,0,0,0,0,0,0,0,0,0,0,0,0,0,0,0,0,0,0,0,0,0,0,0,0,0,0,0,0,0,0,0,0,0,0,0,0,0,0,0,0,0,0,0,0,0,0,0,0,0,0,0,0,0,0,0,0,0,0,0,0,0,0,0,0,0,0,0,0,0,0,0,0,0,0,0,0,0,0,0,0,0,0,0,0,0,0,0,0,0,0,0,0,0,0,0,0,0,0,0,0,0,0,0,0,0,0,0,0,0,0,0,0,0,0,0,0,0,0,0,0,0,0,0,0,0,0,0,0,0,0,0,0,0,0,0,0,0,0,0,0,0,0,0,0,0,0,0,0,0,0,0,0,0,0,0,0,0,0,0,0,0,0,0,0,0,0,0,0,0,0,0,0,0,0,0,0,0,0,0,0,0,0,0,0,0,0,0,0,0,0,0,0,0,0
OTU68,Zoopagomycota,0,0,0,0,0,0,0,0,0,0,0,0,0,0,0,0,0,0,0,0,0,0,0,0,0,0,0,0,0,0,0,0,0,0,0,0,0,0,0,0,0,0,0,0,0,0,0,0,0,0,0,0,0,0,0,0,0,0,0,0,0,0,0,0,0,0,0,0,0,0,0,0,0,0,0,0,0,0,0,0,0,0,0,0,0,0,0,0,0,0,0,0,0,0,0,0,0,0,0,0,0,0,2,0,0,0,0,0,0,0,0,0,1,0,0,0,1,0,0,0,0,0,0,0,0,0,0,0,0,0,0,0,0,0,0,0,0,0,0,0,0,0,0,0,0,0,1,0,0,0,0,0,0,0,0,0,0,0,0,0,0,0,0,0,0,0,0,0,0,0,0,0,0,0,0,0,0,0,0,0,0,0,0,0,0,0,0,0,0,0,0,0,0,0,0,0,0,0,0,0,0,0,0,0,0,0,0,0,0,0,0,0,0,0,0,0,0,0,0,0,0,0,0,0,0,0,0,0,0,0,0,0,0,0,0,0,0,0,0,0,0,0,0,0,0,0,0,0,0,0,0,0,0,0,0,0,0,0,0,0,0,0,0,0,0,0,0,0,0,0,0,0,0,0,0,0,0,0,0,0,0,0,0,0,0,0,0,0,0,0,0,0,0,0,0,0,0,0,0,0,0,0,0,0,0,0,0,0,0,0,0,0,0,0,0,0,0,0,0,0,0,0,0,0,0,0,0,0,0,0,0,0,0,0,0,0,0,0
OTU69,Dictyoglomi,0,0,0,0,0,0,0,0,0,0,0,0,0,0,0,0,0,0,0,0,0,0,0,0,0,0,0,0,0,0,0,0,0,0,0,0,0,0,0,0,0,0,0,0,0,0,0,0,0,0,0,0,0,0,0,0,0,0,0,0,0,0,0,0,0,0,0,0,0,0,0,0,0,0,0,0,0,0,0,0,0,0,0,0,0,0,0,0,0,0,0,0,0,0,0,0,0,0,0,0,0,0,0,0,0,0,0,0,0,0,0,0,0,0,0,0,0,0,0,0,0,0,0,0,0,0,0,0,0,0,0,0,0,0,0,0,0,0,0,0,0,0,0,0,0,0,0,0,0,0,0,0,0,0,0,0,0,0,0,0,0,0,0,0,0,0,0,0,0,0,0,0,0,0,0,0,0,0,0,0,0,0,0,0,0,0,0,0,0,0,0,0,0,2,0,0,0,1,0,0,0,0,0,0,0,0,0,0,0,0,0,0,0,0,0,0,0,0,0,0,0,0,0,0,0,0,0,0,1,1,0,0,0,0,0,0,0,0,0,0,0,0,0,0,0,0,0,0,0,0,0,0,0,0,0,0,0,0,0,0,0,0,0,0,0,0,0,0,0,0,0,0,0,1,0,0,0,0,0,0,0,0,0,0,0,0,0,0,0,0,0,0,0,0,0,0,1,0,0,0,0,0,0,0,0,0,0,0,0,0,0,0,0,0,0,0,0,0,0,0,0,0,0,0,0,0,0,0,0,0,0,0,0,0,0,1,0,0
OTU70,Gastrotricha,0,0,0,0,0,0,0,0,0,0,0,0,0,0,0,0,0,0,0,0,0,0,0,0,0,0,0,0,0,0,0,0,0,0,0,0,0,0,0,0,0,0,0,0,0,0,0,0,0,0,0,0,0,0,0,0,0,0,0,0,0,0,0,0,0,0,0,0,0,0,0,0,0,0,0,0,0,0,0,0,0,0,0,0,0,0,0,0,0,0,0,0,0,0,0,0,0,0,0,0,0,0,0,0,0,0,0,0,0,0,0,0,0,0,0,0,0,0,0,0,0,0,0,0,0,0,0,0,0,0,0,0,0,0,0,0,0,0,0,0,0,0,0,0,0,0,0,0,0,0,0,0,0,0,0,0,0,0,0,0,0,0,0,0,0,0,0,0,0,0,0,0,0,0,0,0,0,0,0,0,0,0,0,0,0,0,0,0,0,0,0,0,0,0,0,0,0,0,0,1,0,0,0,0,0,0,0,0,0,0,0,0,0,0,0,0,0,0,0,0,0,0,0,0,0,0,0,0,0,0,0,0,0,0,0,0,0,0,0,0,0,0,0,0,0,0,0,0,0,0,0,0,0,0,0,0,0,0,0,0,0,0,0,0,0,0,0,0,0,0,0,0,0,0,0,0,0,0,0,0,0,0,0,0,0,0,0,0,0,0,0,0,0,0,0,0,0,0,0,0,0,0,0,0,0,0,0,0,0,0,0,0,0,0,0,0,0,0,0,0,0,0,0,0,0,0,0,0,0,0,0,0,0,0,0,0,0,0
OTU71,Parvarchaeota,0,0,0,0,0,0,0,0,0,0,0,0,0,0,0,0,0,0,0,0,0,0,0,0,0,0,0,0,0,0,0,0,0,0,0,0,0,0,0,0,0,0,0,0,0,0,0,0,0,0,0,0,0,0,0,0,0,0,0,0,0,0,0,0,0,0,0,0,0,0,0,0,0,0,0,0,0,0,0,0,0,0,0,0,0,0,0,0,0,0,0,0,0,0,0,0,0,0,0,0,0,0,0,0,0,0,0,0,0,0,0,0,0,0,0,0,0,0,0,0,0,0,0,0,0,0,0,0,0,0,0,0,0,0,0,0,0,0,0,0,0,0,0,0,0,0,0,0,0,0,0,0,0,0,0,0,0,0,0,0,0,0,0,0,0,0,0,0,0,0,0,0,0,0,0,0,0,0,0,0,0,0,0,0,0,0,0,0,0,0,0,0,0,0,0,0,0,0,0,0,0,0,0,0,0,0,0,0,0,0,0,0,0,0,0,0,0,0,0,0,0,0,0,0,0,0,0,2,9,24,10,0,24,1,4,0,0,3,30,7,0,0,0,10,18,0,0,8,3,0,1,2,1,5,3,0,0,4,0,1,3,1,0,0,1,3,0,0,1,0,0,1,1,1,2,3,3,6,14,29,16,23,18,12,15,20,29,16,1,1,1,0,1,1,0,9,11,17,10,0,0,0,0,0,0,0,0,0,0,0,0,0,0,0,0,0,0,0,0,0,10,0,0,0,0,0,0,0,11,27,0,0,0,0,0,0,1,0
OTU72,Caldithrix,0,0,0,0,0,0,0,0,0,0,0,0,0,0,0,0,0,0,0,0,0,0,0,0,0,0,0,0,0,0,0,0,0,0,0,0,0,0,0,0,0,0,0,0,0,0,0,0,0,0,0,0,0,0,0,0,0,0,0,0,0,0,0,0,0,0,0,0,0,0,0,0,0,0,0,0,0,0,0,0,0,0,0,0,0,0,0,0,0,0,0,0,0,0,0,0,0,0,0,0,0,0,0,0,0,0,0,0,0,0,0,0,0,0,0,0,0,0,0,0,0,0,0,0,0,0,0,0,0,0,0,0,0,0,0,0,0,0,0,0,0,0,0,0,0,0,0,0,0,0,0,0,0,0,0,0,0,0,0,0,0,0,0,0,0,0,0,0,0,0,0,0,0,0,0,0,0,0,0,0,0,0,0,0,0,0,0,0,0,0,0,0,0,0,0,0,0,0,0,0,0,0,0,0,0,0,0,0,0,0,0,0,0,0,0,0,0,0,0,0,0,0,0,0,0,0,0,0,43,32,61,0,5,1,1,1,0,2,5,15,0,0,1,1,21,1,0,0,0,0,0,0,0,0,1,2,4,0,0,0,0,0,1,0,18,5,0,1,0,0,0,2,1,2,1,6,6,1,276,272,254,175,338,151,169,68,55,48,6,3,6,5,2,4,4,113,116,148,142,0,0,0,3,0,0,0,0,0,2,0,1,0,2,0,0,0,0,0,0,3,0,0,0,0,0,3,0,0,151,62,1,2,0,8,0,0,3,1
OTU73,Thermi,0,0,0,0,0,0,0,0,0,0,0,0,0,0,0,0,0,0,0,0,0,0,0,0,0,0,0,0,0,0,0,0,0,0,0,0,0,0,0,0,0,0,0,0,0,0,0,0,0,0,0,0,0,0,0,0,0,0,0,0,0,0,0,0,0,0,0,0,0,0,0,0,0,0,0,0,0,0,0,0,0,0,0,0,0,0,0,0,0,0,0,0,0,0,0,0,0,0,0,0,0,0,0,0,0,0,0,0,0,0,0,0,0,0,0,0,0,0,0,0,0,0,0,0,0,0,0,0,0,0,0,0,0,0,0,0,0,0,0,0,0,0,0,0,0,0,0,0,0,0,0,0,0,0,0,0,0,0,0,0,0,0,0,0,0,0,0,0,0,0,0,0,0,0,0,0,0,0,0,0,0,0,0,0,0,0,0,0,0,0,0,0,0,0,0,0,0,0,0,0,0,0,0,0,0,0,0,0,0,0,0,0,0,0,0,0,0,0,0,0,0,0,0,0,0,0,0,0,18,11,10,0,75,4,0,1,0,7,52,61,1,6,0,29,129,106,0,356,89,33,19,0,267,1,0,74,12,14,36,0,53,16,0,0,0,15,0,2,6,9,71,3,8,8,2,6,3,2,2,3,3,5,2,1,6,8,3,3,8,10,11,16,1,2,2,3,3,2,2,7,30,7,3,5,20,16,14,21,27,16,13,7,18,27,7,8,8,54,35,0,0,34,1,0,0,1,4,69,4,0,9,3,13,4,27,12,16,30
OTU74,Poribacteria,0,0,0,0,0,0,0,0,0,0,0,0,0,0,0,0,0,0,0,0,0,0,0,0,0,0,0,0,0,0,0,0,0,0,0,0,0,0,0,0,0,0,0,0,0,0,0,0,0,0,0,0,0,0,0,0,0,0,0,0,0,0,0,0,0,0,0,0,0,0,0,0,0,0,0,0,0,0,0,0,0,0,0,0,0,0,0,0,0,0,0,0,0,0,0,0,0,0,0,0,0,0,0,0,0,0,0,0,0,0,0,0,0,0,0,0,0,0,0,0,0,0,0,0,0,0,0,0,0,0,0,0,0,0,0,0,0,0,0,0,0,0,0,0,0,0,0,0,0,0,0,0,0,0,0,0,0,0,0,0,0,0,0,0,0,0,0,0,0,0,0,0,0,0,0,0,0,0,0,0,0,0,0,0,0,0,0,0,0,0,0,0,0,0,0,0,0,0,0,0,0,0,0,0,0,0,0,0,0,0,0,0,0,0,0,0,0,0,0,0,0,0,0,0,0,0,0,0,0,0,0,0,0,0,0,0,0,0,0,0,0,0,0,0,0,0,0,0,0,0,0,0,0,0,0,0,0,0,0,0,0,0,0,0,0,0,0,0,0,0,0,0,0,0,0,0,1,0,0,0,0,1,1,0,0,0,0,0,0,0,0,0,0,0,0,0,0,0,1,0,0,0,0,0,0,0,0,0,0,0,0,0,0,0,0,0,0,0,0,0,0,0,0,0,0,0,0,0,0,0,0,0,0,0,0,0,0,0
